player,player_id,position,team_name,player_game_count,declined_penalties,franchise_id,gap_grades_run_block,gap_run_block_percent,gap_snap_counts_run_block,gap_snap_counts_run_block_percent,gap_snap_counts_run_play,grades_run_block,penalties,run_block_percent,snap_counts_run_block,snap_counts_run_play,zone_grades_run_block,zone_run_block_percent,zone_snap_counts_run_block,zone_snap_counts_run_block_percent,zone_snap_counts_run_play
Joe Thuney,10712,G,NE,19,0,19,66.1,100.0,325,53.6,325,70.4,3,100.0,606,606,68.9,100.0,179,29.5,179
Trent Brown,9677,T,NE,19,3,19,71.3,100.0,321,53.8,321,69.8,7,100.0,597,597,62.7,100.0,177,29.6,177
David Andrews,9948,C,NE,19,0,19,63.5,100.0,320,54.1,320,71.4,3,100.0,591,591,77.9,100.0,177,29.9,177
Tom Brady,698,QB,NE,19,0,19,60.1,100.0,318,57.1,318,60.1,0,95.9,557,581,60.1,100.0,174,31.2,174
Matt Skura,11102,C,BLT,17,0,3,60.5,100.0,320,57.6,320,58.0,1,100.0,556,556,59.5,100.0,161,29.0,161
Duane Brown,4340,T,SEA,17,0,29,72.2,100.0,160,29.3,160,74.5,1,100.0,546,546,70.9,100.0,342,62.6,342
Shaq Mason,9564,G,NE,17,1,19,79.8,100.0,295,54.3,295,82.9,2,100.0,543,543,82.4,100.0,160,29.5,160
Marshal Yanda,3702,G,BLT,17,0,3,65.9,100.0,315,58.9,315,77.7,1,100.0,535,535,87.9,100.0,147,27.5,147
Rob Havenstein,9490,T,LA,19,0,26,78.9,100.0,124,23.2,124,85.9,1,100.0,534,534,81.6,100.0,338,63.3,338
Austin Blythe,10882,G,LA,19,0,26,55.2,100.0,124,23.2,124,70.3,0,100.0,534,534,71.6,100.0,338,63.3,338
Ronnie Stanley,10640,T,BLT,16,0,3,62.8,100.0,307,58.4,307,65.2,1,100.0,526,526,62.7,100.0,148,28.1,148
Rodger Saffold,5558,G,LA,19,0,26,52.4,100.0,121,23.7,121,75.7,0,100.0,511,511,76.5,100.0,324,63.4,324
Russell Wilson,7077,QB,SEA,17,0,29,60.0,98.8,158,31.1,160,60.0,0,92.9,508,547,60.0,94.5,324,63.8,343
Germain Ifedi,10665,T,SEA,16,0,29,51.6,100.0,149,29.3,149,51.1,3,100.0,508,508,52.1,100.0,320,63.0,320
Justin Britt,8699,C,SEA,16,0,29,67.4,100.0,150,29.6,150,62.9,1,100.0,507,507,58.6,100.0,316,62.3,316
Max Unger,4972,C,NO,18,0,20,62.8,100.0,199,39.5,199,56.4,1,100.0,504,504,52.4,100.0,235,46.6,235
Ryan Ramczyk,11787,T,NO,17,1,20,78.6,100.0,194,39.0,194,79.2,4,100.0,498,498,77.2,100.0,234,47.0,234
John Sullivan,4501,C,LA,19,0,26,45.1,100.0,114,23.0,114,55.6,2,100.0,496,496,55.9,100.0,317,63.9,317
Marcus Cannon,6290,T,NE,16,0,19,67.5,100.0,272,55.1,272,68.8,2,100.0,494,494,73.7,100.0,139,28.1,139
Andrew Whitworth,3000,T,LA,19,0,26,66.9,100.0,113,23.1,113,79.1,1,100.0,490,490,69.1,100.0,314,64.1,314
J.R. Sweezy,7209,G,SEA,16,0,29,55.4,100.0,144,29.5,144,48.3,4,100.0,488,488,52.9,100.0,307,62.9,307
Larry Warford,7846,G,NO,17,0,20,52.0,100.0,189,39.0,189,60.2,0,100.0,484,484,72.4,100.0,226,46.7,226
Joe Looney,7117,C,DAL,18,0,9,47.8,100.0,210,43.8,210,46.9,2,100.0,479,479,51.4,100.0,217,45.3,217
La'el Collins,9719,T,DAL,18,0,9,62.0,100.0,209,43.7,209,70.3,4,100.0,478,478,71.6,100.0,217,45.4,217
Jared Goff,10635,QB,LA,19,0,26,60.0,99.1,115,24.3,116,60.0,0,94.4,473,501,60.0,99.1,317,67.0,320
Rob Gronkowski,5567,TE,NE,16,1,19,55.0,100.0,254,54.2,254,60.1,4,100.0,469,469,62.2,100.0,137,29.2,137
Tyler Higbee,10744,TE,LA,19,0,26,53.3,100.0,108,23.0,108,66.9,0,100.0,469,469,67.9,100.0,293,62.5,293
Robert Woods,7822,WR,LA,19,0,26,68.3,95.7,110,23.9,115,79.9,1,95.2,461,484,71.6,100.0,313,67.9,313
Cody Whitehair,10690,C,CHI,17,0,6,66.0,100.0,133,29.2,133,70.6,0,100.0,456,456,73.1,100.0,268,58.8,268
Bobby Massie,7112,T,CHI,17,1,6,53.9,100.0,133,29.5,133,60.4,2,100.0,451,451,61.3,100.0,268,59.4,268
Dan Feeney,11826,G,LAC,18,0,27,56.3,100.0,237,52.7,237,53.9,1,100.0,450,450,44.0,100.0,132,29.3,132
Quenton Nelson,12954,G,IND,18,1,14,78.6,100.0,242,53.8,242,80.9,3,100.0,450,450,76.2,100.0,154,34.2,154
Charles Leno Jr.,8880,T,CHI,17,0,6,63.4,100.0,132,29.4,132,67.9,1,100.0,449,449,66.8,100.0,263,58.6,263
Drew Brees,802,QB,NO,17,0,20,61.1,100.0,190,42.5,190,63.4,0,93.3,447,479,64.9,100.0,226,50.6,226
Brandin Cooks,8655,WR,LA,19,0,26,75.7,100.0,113,25.6,113,55.6,0,97.6,442,453,61.2,100.0,298,67.4,298
Ben Jones,7099,C,TEN,16,0,31,63.7,100.0,108,24.8,108,70.8,1,100.0,436,436,73.8,100.0,293,67.2,293
Michael Schofield III,8730,G,LAC,18,0,27,51.9,100.0,234,53.7,234,55.3,0,100.0,436,436,61.9,100.0,126,28.9,126
Josh Kline,8230,G,TEN,16,1,31,58.3,100.0,108,25.1,108,56.7,2,100.0,431,431,59.1,100.0,293,68.0,293
Nick Martin,10684,C,HST,17,0,13,66.5,100.0,119,27.6,119,57.3,0,100.0,431,431,55.3,100.0,280,65.0,280
Brandon Brooks,7078,G,PHI,18,0,24,66.3,100.0,132,31.1,132,68.0,1,100.0,425,425,71.1,100.0,253,59.5,253
Tyler Lockett,9502,WR,SEA,17,0,29,59.5,100.0,110,26.1,110,58.7,0,97.0,422,435,63.2,100.0,302,71.6,302
DeAndre Hopkins,7808,WR,HST,17,0,13,65.4,100.0,118,28.0,118,63.8,1,99.8,421,422,58.9,100.0,279,66.3,279
Jason Kelce,6343,C,PHI,18,0,24,81.0,100.0,136,32.4,136,85.6,2,100.0,420,420,71.6,100.0,246,58.6,246
Dion Dawkins,11818,T,BUF,16,0,4,65.7,100.0,147,35.1,147,61.2,1,100.0,419,419,59.7,100.0,203,48.4,203
Dak Prescott,10769,QB,DAL,18,0,9,60.0,97.6,204,48.7,209,60.0,0,88.6,419,473,60.0,91.0,193,46.1,212
Mike McGlinchey,46275,T,SF,16,0,28,82.9,100.0,95,22.8,95,81.2,1,100.0,417,417,72.1,100.0,285,68.3,285
Mike Pouncey,6167,C,LAC,18,0,27,57.5,100.0,223,53.5,223,56.5,3,100.0,417,417,48.0,100.0,121,29.0,121
Zack Martin,8651,G,DAL,16,0,9,60.8,100.0,186,45.1,186,71.3,0,100.0,412,412,76.0,100.0,184,44.7,184
Philip Rivers,1725,QB,LAC,18,0,27,60.2,99.6,228,55.5,229,60.1,0,96.5,411,426,60.0,99.2,123,29.9,124
Orlando Brown Jr.,46227,T,BLT,14,0,3,63.7,100.0,246,60.0,246,61.3,0,100.0,410,410,59.9,100.0,117,28.5,117
Michael Thomas,10681,WR,NO,18,1,20,67.8,100.0,168,41.1,168,63.1,2,100.0,409,409,63.6,100.0,207,50.6,207
Andrew Luck,7007,QB,IND,18,0,14,60.0,100.0,240,58.8,240,60.0,0,93.6,408,436,60.0,100.0,149,36.5,149
Laken Tomlinson,9461,G,SF,16,0,28,60.6,100.0,92,22.5,92,64.2,1,100.0,408,408,65.2,100.0,280,68.6,280
Jordan Mills,7945,T,BUF,16,0,4,53.2,100.0,142,34.9,142,48.6,3,100.0,407,407,52.0,100.0,198,48.6,198
Frank Ragnow,39137,G,DET,16,0,11,68.3,100.0,182,45.0,182,68.2,2,100.0,404,404,71.3,100.0,195,48.3,195
Graham Glasgow,10729,C,DET,16,2,11,63.5,100.0,181,44.9,181,70.4,3,100.0,403,403,69.6,100.0,195,48.4,195
Taylor Decker,10650,T,DET,16,0,11,59.0,100.0,182,45.3,182,52.9,1,100.0,402,402,51.9,100.0,194,48.3,194
Julie'n Davenport,11885,T,HST,17,0,13,51.9,100.0,110,27.5,110,55.3,4,100.0,400,400,62.9,100.0,260,65.0,260
Mitchell Schwartz,7041,T,KC,18,0,16,59.3,100.0,112,28.0,112,74.8,1,100.0,400,400,76.6,100.0,236,59.0,236
Eric Fisher,7783,T,KC,18,1,16,53.0,100.0,112,28.0,112,70.9,1,100.0,400,400,75.2,100.0,236,59.0,236
Sam Tevi,11945,T,LAC,18,0,27,70.7,100.0,214,53.8,214,64.7,1,100.0,398,398,49.7,100.0,110,27.6,110
Virgil Green,6356,TE,LAC,18,0,27,65.6,100.0,207,52.0,207,66.3,3,100.0,398,398,61.4,100.0,119,29.9,119
Joel Bitonio,8670,G,CLV,16,1,8,74.1,100.0,166,41.8,166,72.8,1,100.0,397,397,66.6,100.0,185,46.6,185
Chris Hubbard,8051,T,CLV,16,1,8,55.1,100.0,166,41.8,166,48.7,1,100.0,397,397,45.4,100.0,185,46.6,185
J.C. Tretter,7904,C,CLV,16,0,8,63.9,100.0,166,41.8,166,69.8,0,100.0,397,397,70.8,100.0,185,46.6,185
Kevin Zeitler,7032,G,CLV,16,0,8,55.6,100.0,166,41.8,166,67.8,1,100.0,397,397,76.5,100.0,185,46.6,185
Kelvin Beachum,7229,T,NYJ,16,2,22,50.7,100.0,150,37.8,150,55.0,2,100.0,397,397,58.2,100.0,208,52.4,208
Brian Winters,7853,G,NYJ,16,0,22,55.0,100.0,150,37.8,150,63.5,2,100.0,397,397,64.6,100.0,208,52.4,208
Joe Staley,3644,T,SF,16,1,28,70.1,100.0,89,22.5,89,79.9,1,100.0,396,396,78.3,100.0,279,70.5,279
Mike Person,6391,G,SF,16,1,28,66.7,100.0,90,22.8,90,67.0,3,100.0,395,395,65.4,100.0,272,68.9,272
Nick Boyle,9604,TE,BLT,17,0,3,73.5,100.0,224,57.0,224,70.0,0,100.0,393,393,64.1,100.0,115,29.3,115
Josh Hill,8200,TE,NO,18,0,20,57.5,100.0,162,41.3,162,58.0,1,100.0,392,392,61.0,100.0,166,42.3,166
Garett Bolles,11775,T,DEN,16,0,10,74.3,100.0,164,41.8,164,70.8,1,100.0,392,392,59.2,100.0,185,47.2,185
Greg Van Roten,7746,G,CAR,16,0,5,56.5,100.0,171,43.7,171,55.6,0,100.0,391,391,54.0,100.0,157,40.2,157
Rodney Hudson,6207,C,OAK,16,0,23,63.6,100.0,95,24.3,95,73.6,1,100.0,391,391,71.8,100.0,255,65.2,255
Quinton Spain,10110,G,TEN,15,0,31,41.9,100.0,98,25.1,98,63.8,2,100.0,390,390,72.7,100.0,259,66.4,259
Matthew Stafford,4924,QB,DET,16,0,11,60.0,100.0,182,46.7,182,60.0,0,97.0,390,402,60.0,99.5,193,49.5,194
Lane Johnson,7786,T,PHI,17,1,24,64.2,100.0,122,31.4,122,78.4,1,100.0,389,389,80.9,100.0,232,59.6,232
Connor McGovern,10778,G,DEN,16,0,10,69.6,100.0,162,41.6,162,68.9,3,100.0,389,389,74.3,100.0,184,47.3,184
Deshaun Watson,11767,QB,HST,17,0,13,60.0,95.8,114,29.5,119,60.1,0,90.0,387,430,60.1,91.4,256,66.1,280
Taylor Moton,11819,T,CAR,16,0,5,58.1,100.0,169,43.8,169,61.9,2,100.0,386,386,60.7,100.0,157,40.7,157
Andrus Peat,9446,G,NO,15,0,20,45.4,100.0,157,40.8,157,40.4,3,100.0,385,385,36.1,100.0,173,44.9,173
Tyron Smith,6161,T,DAL,15,0,9,65.1,100.0,178,46.2,178,71.2,1,100.0,385,385,76.9,100.0,167,43.4,167
Julian Edelman,5156,WR,NE,15,0,19,76.4,100.0,232,60.4,232,74.4,3,97.5,384,394,59.9,100.0,107,27.9,107
Chase Roullier,11954,C,WAS,16,1,32,59.9,100.0,188,49.1,188,58.8,1,100.0,383,383,55.1,100.0,156,40.7,156
Nelson Agholor,9453,WR,PHI,18,0,24,68.3,99.2,128,33.7,129,65.4,1,99.0,380,384,61.4,100.0,224,58.9,224
Case Keenum,7323,QB,DEN,16,0,10,60.5,100.0,165,43.7,165,60.3,0,96.4,378,392,60.0,98.9,183,48.4,185
Braden Smith,46794,T,IND,17,0,14,61.0,100.0,205,54.4,205,70.3,1,100.0,377,377,72.4,100.0,125,33.2,125
Ryan Kalil,3675,C,CAR,16,0,5,65.9,100.0,165,43.8,165,65.4,1,100.0,377,377,47.7,100.0,155,41.1,155
Kolton Miller,47013,T,OAK,16,0,23,56.0,100.0,94,25.0,94,46.8,2,100.0,376,376,45.2,100.0,243,64.6,243
Russell Okung,5531,T,LAC,17,0,27,62.3,100.0,199,52.9,199,69.6,4,100.0,376,376,78.5,100.0,117,31.1,117
Weston Richburg,8678,C,SF,15,0,28,59.6,100.0,88,23.5,88,56.7,1,100.0,375,375,57.3,100.0,257,68.5,257
Zach Ertz,7816,TE,PHI,18,1,24,45.6,100.0,117,31.4,117,49.3,2,100.0,373,373,54.4,100.0,216,57.9,216
Senio Kelemete,7144,G,HST,15,0,13,49.4,100.0,98,26.3,98,51.2,0,100.0,373,373,54.9,100.0,247,66.2,247
Mitch Trubisky,11757,QB,CHI,15,0,6,60.3,98.2,111,29.8,113,60.5,1,91.9,373,406,60.5,94.7,232,62.2,245
Travis Kelce,7844,TE,KC,18,0,16,58.2,100.0,101,27.2,101,59.7,0,100.0,371,371,56.8,100.0,223,60.1,223
Taylor Lewan,8646,T,TEN,15,0,31,70.0,100.0,91,24.6,91,68.4,2,100.0,370,370,69.3,100.0,251,67.8,251
Chris Hogan,6468,WR,NE,19,1,19,63.8,100.0,209,56.6,209,47.3,2,100.0,369,369,59.1,100.0,111,30.1,111
Derek Carr,8671,QB,OAK,16,0,23,60.0,98.9,94,25.6,95,60.0,0,95.8,367,383,60.0,99.2,248,67.6,250
Will Hernandez,46180,G,NYG,16,0,21,52.0,100.0,105,28.9,105,62.9,1,100.0,363,363,61.8,100.0,222,61.2,222
Nate Solder,6169,T,NYG,16,0,21,66.3,100.0,105,28.9,105,66.6,1,100.0,363,363,62.9,100.0,222,61.2,222
Jesse Davis,9989,G,MIA,16,0,17,47.6,100.0,103,28.5,103,55.0,1,100.0,362,362,59.2,100.0,230,63.5,230
Willie Snead IV,8999,WR,BLT,17,0,3,71.3,100.0,225,62.5,225,63.4,0,99.7,360,361,63.4,100.0,115,31.9,115
Rick Wagner,7950,T,DET,15,0,11,61.6,100.0,157,43.7,157,60.0,3,100.0,359,359,58.7,100.0,176,49.0,176
Patrick Mahomes,11765,QB,KC,18,0,16,60.1,100.0,110,30.8,110,60.1,0,91.5,357,390,60.0,93.9,214,59.9,228
John Miller,9514,G,BUF,15,0,4,67.1,100.0,128,36.0,128,61.7,0,100.0,356,356,55.0,100.0,174,48.9,174
Morgan Moses,8701,T,WAS,16,0,32,65.5,100.0,168,47.5,168,65.9,4,100.0,354,354,62.2,100.0,150,42.4,150
Doug Baldwin,6615,WR,SEA,14,0,29,47.1,100.0,90,25.4,90,68.8,2,100.0,354,354,76.3,100.0,246,69.5,246
Kendall Lamm,10017,T,HST,14,0,13,47.2,100.0,98,28.0,98,50.7,1,100.0,350,350,53.4,100.0,228,65.1,228
Corey Davis,11760,WR,TEN,16,0,31,79.2,100.0,78,22.3,78,72.5,1,98.3,350,356,70.0,100.0,254,72.6,254
Jason Peters,2148,T,PHI,18,0,24,57.6,100.0,124,35.6,124,65.0,1,100.0,348,348,68.4,100.0,195,56.0,195
Mason Cole,45547,C,ARZ,16,0,1,60.3,100.0,141,40.8,141,59.5,0,100.0,346,346,48.2,100.0,161,46.5,161
James Daniels,45576,G,CHI,14,0,6,62.4,100.0,90,26.0,90,65.8,1,100.0,346,346,62.2,100.0,212,61.3,212
D.J. Fluker,7792,G,SEA,11,0,29,58.3,100.0,103,29.8,103,56.9,4,100.0,346,346,57.0,100.0,217,62.7,217
Zay Jones,11792,WR,BUF,16,0,4,72.3,100.0,120,34.8,120,74.9,0,99.7,345,346,74.2,100.0,179,51.9,179
Donovan Smith,9467,T,TB,16,0,30,56.0,100.0,121,35.2,121,52.7,2,100.0,344,344,54.5,100.0,179,52.0,179
Ali Marpet,9494,G,TB,16,0,30,65.1,100.0,121,35.2,121,70.0,1,100.0,344,344,74.1,100.0,179,52.0,179
Bobby Hart,9659,T,CIN,16,0,7,63.4,100.0,99,28.9,99,56.1,2,100.0,343,343,50.1,100.0,214,62.4,214
Ryan Jensen,7985,C,TB,16,0,30,54.3,100.0,121,35.3,121,53.8,4,100.0,343,343,59.5,100.0,179,52.2,179
Mike Remmers,7431,G,MIN,16,0,18,52.9,100.0,107,31.2,107,61.1,2,100.0,343,343,60.2,100.0,194,56.6,194
Jake Matthews,8641,T,ATL,16,0,2,66.1,100.0,86,25.1,86,62.7,2,100.0,342,342,57.6,100.0,221,64.6,221
Alex Mack,4944,C,ATL,16,0,2,61.1,100.0,86,25.1,86,80.2,2,100.0,342,342,85.1,100.0,221,64.6,221
Brandon Shell,10792,T,NYJ,14,0,22,55.7,100.0,130,38.1,130,58.8,0,100.0,341,341,64.5,100.0,178,52.2,178
Ramon Foster,5229,G,PIT,16,0,25,61.6,100.0,182,53.7,182,61.1,2,100.0,339,339,56.5,100.0,115,33.9,115
Alejandro Villanueva,9091,T,PIT,16,0,25,72.9,100.0,182,53.7,182,64.7,1,100.0,339,339,50.9,100.0,115,33.9,115
James Develin,6142,FB,NE,19,0,19,59.1,100.0,173,51.0,173,57.0,1,97.7,339,347,48.8,100.0,116,34.2,116
Eli Manning,1722,QB,NYG,16,0,21,60.0,100.0,104,30.7,104,60.0,0,96.9,339,350,60.0,100.0,211,62.2,211
Anthony Castonzo,6174,T,IND,13,0,14,68.0,100.0,186,55.0,186,71.3,2,100.0,338,338,65.6,100.0,113,33.4,113
George Kittle,11901,TE,SF,16,1,28,68.0,100.0,76,22.6,76,73.3,1,99.7,337,338,72.0,100.0,228,67.7,228
Cameron Erving,9452,G,KC,16,1,16,43.4,100.0,93,27.8,93,46.4,1,100.0,334,334,49.3,100.0,198,59.3,198
Clint Boling,6253,G,CIN,16,0,7,62.4,100.0,99,29.6,99,52.0,1,100.0,334,334,52.8,100.0,206,61.7,206
Laremy Tunsil,10647,T,MIA,15,0,17,63.6,100.0,90,27.4,90,69.7,1,100.0,329,329,69.9,100.0,213,64.7,213
Maurkice Pouncey,5543,C,PIT,16,0,25,66.9,100.0,178,54.1,178,63.9,3,100.0,329,329,59.2,100.0,111,33.7,111
Spencer Long,8713,C,NYJ,13,1,22,58.6,100.0,115,35.4,115,48.2,3,100.0,325,325,44.3,100.0,179,55.1,179
A.J. Cann,9500,G,JAX,15,0,15,65.5,100.0,96,29.6,96,60.8,0,100.0,324,324,57.2,100.0,200,61.7,200
Matt Ryan,4317,QB,ATL,16,0,2,61.0,98.8,85,26.2,86,61.4,0,95.3,324,340,61.3,100.0,219,67.6,219
Ja'Wuan James,8654,T,MIA,15,0,17,63.9,100.0,89,27.5,89,71.9,2,100.0,324,324,68.1,100.0,208,64.2,208
Ryan Kelly,10652,C,IND,14,0,14,70.9,100.0,177,54.8,177,72.1,2,100.0,323,323,78.7,100.0,114,35.3,114
Chad Wheeler,12240,T,NYG,15,0,21,33.7,100.0,98,30.3,98,39.6,1,100.0,323,323,49.1,100.0,193,59.8,193
Alex Redmond,11113,G,CIN,15,0,7,58.3,100.0,97,30.2,97,65.3,5,100.0,321,321,63.3,100.0,195,60.7,195
Kirk Cousins,7102,QB,MIN,16,0,18,60.0,99.1,106,33.0,107,60.0,0,92.8,321,346,60.0,98.5,194,60.4,197
Gabe Jackson,8716,G,OAK,13,0,23,59.2,100.0,71,22.5,71,69.8,0,100.0,315,315,72.7,100.0,211,67.0,211
Michael Gallup,26075,WR,DAL,18,0,9,62.2,100.0,126,40.1,126,60.5,0,100.0,314,314,66.5,100.0,157,50.0,157
Taylor Gabriel,9002,WR,CHI,17,1,6,58.2,100.0,101,32.2,101,59.1,1,96.6,314,325,61.8,100.0,192,61.1,192
Connor Williams,46216,G,DAL,15,0,9,56.9,100.0,143,45.5,143,55.9,2,100.0,314,314,53.7,100.0,134,42.7,134
Adam Thielen,8288,WR,MIN,16,0,18,66.0,99.0,100,32.1,101,58.3,0,98.4,312,317,65.3,100.0,184,59.0,184
Marcus Mariota,9435,QB,TEN,14,0,31,61.6,95.2,80,25.6,84,61.6,1,91.2,312,342,60.3,94.3,216,69.2,229
Larry Fitzgerald,1724,WR,ARZ,16,1,1,57.6,100.0,127,40.8,127,61.5,2,100.0,311,311,70.8,100.0,150,48.2,150
Kenny Wiggins,6471,G,DET,16,0,11,49.3,100.0,141,45.5,141,51.8,0,100.0,310,310,55.2,100.0,147,47.4,147
Keenan Allen,7857,WR,LAC,18,0,27,71.9,100.0,178,57.8,178,75.5,2,97.2,308,317,73.8,100.0,93,30.2,93
Jarvis Landry,8698,WR,CLV,16,0,8,80.3,98.4,125,40.6,127,81.4,1,99.4,308,310,74.1,100.0,154,50.0,154
Terron Armstead,7856,T,NO,12,0,20,67.6,100.0,119,38.9,119,81.5,1,100.0,306,306,79.9,100.0,149,48.7,149
Baker Mayfield,46518,QB,CLV,14,1,8,60.1,100.0,136,44.4,136,60.1,1,93.6,306,327,60.1,99.3,152,49.7,153
Josh Reynolds,11872,WR,LA,18,0,26,64.8,100.0,77,25.2,77,58.2,1,98.7,306,310,53.8,100.0,202,66.0,202
Ben Roethlisberger,1732,QB,PIT,16,0,25,60.0,100.0,174,57.0,174,60.0,0,94.4,305,323,60.0,100.0,109,35.7,109
Sterling Shepard,10674,WR,NYG,16,1,21,71.4,100.0,79,26.0,79,82.5,2,99.0,304,307,83.9,100.0,202,66.4,202
Sam Darnold,29048,QB,NYJ,13,0,22,60.0,98.3,115,37.8,117,60.0,0,91.6,304,332,60.0,98.3,178,58.6,181
Demar Dotson,5410,T,TB,15,1,30,51.2,100.0,107,35.4,107,45.9,1,100.0,302,302,52.5,100.0,154,51.0,154
Trey Burton,9185,TE,CHI,16,0,6,56.3,98.7,75,24.9,76,79.2,1,99.7,301,302,81.2,100.0,191,63.5,191
Zach Fulton,8828,G,HST,14,0,13,53.3,100.0,88,29.2,88,41.7,2,100.0,301,301,42.3,100.0,190,63.1,190
Trent Williams,5529,T,WAS,13,1,32,75.9,100.0,151,50.2,151,69.9,3,100.0,301,301,62.1,100.0,121,40.2,121
Corey Linsley,8796,C,GB,16,0,12,62.2,100.0,86,28.7,86,72.5,0,100.0,300,300,75.1,100.0,191,63.7,191
James Hurst,9001,T,BLT,11,1,3,51.0,100.0,183,61.0,183,49.8,1,100.0,300,300,51.2,100.0,74,24.7,74
Allen Robinson II,8696,WR,CHI,14,1,6,66.1,100.0,88,29.5,88,57.1,3,99.7,298,299,63.3,100.0,180,60.4,180
Alshon Jeffery,7048,WR,PHI,15,0,24,79.0,100.0,93,31.2,93,72.7,1,100.0,298,298,67.7,100.0,187,62.8,187
Josh Doctson,10656,WR,WAS,15,0,32,56.6,100.0,136,45.6,136,64.5,0,100.0,298,298,73.0,100.0,139,46.6,139
Chris Clark,4623,T,CAR,14,0,5,54.0,100.0,130,43.8,130,55.6,2,100.0,297,297,59.6,100.0,119,40.1,119
David DeCastro,7640,G,PIT,14,0,25,67.2,100.0,163,54.9,163,64.1,1,100.0,297,297,52.9,100.0,98,33.0,98
Pat Elflein,11825,C,MIN,14,0,18,63.7,100.0,97,32.8,97,44.3,2,100.0,296,296,39.4,100.0,160,54.1,160
Jermey Parnell,5426,T,JAX,13,0,15,55.7,100.0,86,29.1,86,63.4,2,100.0,296,296,64.5,100.0,188,63.5,188
Luke Stocker,6256,TE,TEN,16,0,31,62.2,100.0,71,24.0,71,66.6,0,99.7,296,297,66.1,100.0,205,69.3,205
Billy Turner,8702,G,DEN,14,0,10,64.4,100.0,121,41.0,121,59.2,2,100.0,295,295,51.7,100.0,139,47.1,139
Mark Glowinski,9567,G,IND,12,0,14,70.0,100.0,159,53.9,159,73.5,3,100.0,295,295,73.2,100.0,97,32.9,97
David Bakhtiari,7891,T,GB,16,0,12,69.3,100.0,86,29.2,86,69.5,2,100.0,295,295,67.7,100.0,188,63.7,188
C.J. Uzomah,9590,TE,CIN,16,1,7,70.1,100.0,91,31.0,91,65.8,3,100.0,294,294,62.0,100.0,176,59.9,176
Ted Larsen,5728,G,MIA,14,0,17,40.9,100.0,82,27.9,82,43.9,1,100.0,294,294,50.0,100.0,187,63.6,187
Tyreek Hill,10799,WR,KC,18,0,16,67.6,100.0,85,29.0,85,72.9,1,93.9,293,312,66.5,99.0,190,64.8,192
Kenny Golladay,11851,WR,DET,15,0,11,58.8,100.0,130,44.4,130,57.6,2,99.7,293,294,60.5,100.0,145,49.5,145
Kelechi Osemele,7062,G,OAK,11,0,23,70.3,100.0,79,27.0,79,57.3,2,100.0,293,293,54.9,100.0,183,62.5,183
Alex Lewis,10764,G,BLT,10,0,3,43.2,100.0,153,52.4,153,48.9,1,100.0,292,292,56.7,100.0,94,32.2,94
Jonnu Smith,11855,TE,TEN,13,0,31,42.2,100.0,65,22.3,65,56.6,2,100.0,292,292,58.1,100.0,203,69.5,203
Wes Schweitzer,10829,G,ATL,14,1,2,45.8,100.0,72,24.7,72,62.1,5,100.0,291,291,65.4,100.0,188,64.6,188
Brandon Parker,34693,T,OAK,13,0,23,48.9,100.0,75,25.9,75,55.9,1,100.0,290,290,58.7,100.0,185,63.8,185
Josh Rosen,35460,QB,ARZ,14,0,1,60.3,100.0,117,40.3,117,60.1,0,97.0,290,299,60.0,100.0,144,49.7,144
Amari Cooper,9437,WR,DAL,17,0,9,59.9,100.0,96,33.2,96,63.3,0,99.3,289,291,65.2,100.0,164,56.7,164
Ryan Griffin,7982,TE,HST,15,0,13,55.0,100.0,83,28.7,83,58.9,1,100.0,289,289,66.9,100.0,191,66.1,191
Tyrell Williams,10154,WR,LAC,18,0,27,62.5,100.0,170,59.6,170,58.9,2,99.3,285,287,67.6,100.0,74,26.0,74
Trai Turner,8727,G,CAR,13,0,5,52.0,100.0,123,43.5,123,59.6,0,100.0,283,283,58.6,100.0,110,38.9,110
Jordy Nelson,4350,WR,OAK,15,0,23,58.5,100.0,62,21.9,62,62.0,0,99.6,283,284,61.1,100.0,197,69.6,197
Kyle Juszczyk,7912,FB,SF,16,0,28,61.2,96.9,63,22.3,65,72.8,0,97.3,283,291,66.5,98.5,198,70.0,201
David Njoku,11784,TE,CLV,16,0,8,64.2,100.0,118,41.8,118,65.4,3,100.0,282,282,55.1,100.0,124,44.0,124
Antonio Brown,5718,WR,PIT,15,0,25,66.1,100.0,158,56.2,158,65.0,0,100.0,281,281,64.3,100.0,96,34.2,96
Michael Crabtree,4933,WR,BLT,17,0,3,62.4,100.0,161,57.5,161,70.7,0,100.0,280,280,83.3,100.0,93,33.2,93
Aaron Rodgers,2241,QB,GB,16,0,12,60.0,100.0,82,29.5,82,60.0,0,96.5,278,288,60.0,97.8,181,65.1,185
Kenny Stills,7926,WR,MIA,15,0,17,67.0,100.0,85,30.6,85,49.3,0,100.0,278,278,69.8,100.0,176,63.3,176
Mitch Morse,9482,C,KC,13,0,16,61.9,100.0,80,28.9,80,63.8,2,100.0,277,277,63.7,100.0,158,57.0,158
Tom Compton,7181,G,MIN,14,0,18,63.5,100.0,85,30.7,85,65.3,3,100.0,277,277,67.4,100.0,156,56.3,156
David Moore,11981,WR,SEA,17,0,29,60.5,100.0,68,24.6,68,65.9,0,99.6,276,277,69.4,100.0,197,71.4,197
Nick Vannett,10728,TE,SEA,16,0,29,49.6,100.0,80,29.2,80,61.1,1,100.0,274,274,70.1,100.0,161,58.8,161
Kyle Rudolph,6195,TE,MIN,16,0,18,51.5,100.0,84,30.7,84,53.5,1,100.0,274,274,54.7,100.0,154,56.2,154
Caleb Benenoch,10782,G,TB,16,0,30,43.5,100.0,103,37.9,103,44.9,2,100.0,272,272,47.7,100.0,140,51.5,140
Ryan Schraeder,8496,T,ATL,15,0,2,59.2,100.0,70,25.7,70,72.4,3,100.0,272,272,77.2,100.0,175,64.3,175
Brian O'Neill,46854,T,MIN,14,0,18,61.1,100.0,83,30.9,83,58.3,1,100.0,269,269,60.3,100.0,149,55.4,149
Demaryius Thomas,5547,WR,HST,15,0,13,62.6,100.0,87,32.3,87,68.7,1,100.0,269,269,73.9,100.0,164,61.0,164
Chris Conley,9509,WR,KC,18,0,16,73.5,100.0,78,29.0,78,85.6,0,100.0,269,269,81.9,100.0,162,60.2,162
Andrew Wylie,12333,G,KC,14,0,16,45.8,100.0,66,24.7,66,65.0,1,100.0,267,267,64.8,100.0,169,63.3,169
Jared Veldheer,5594,T,DEN,12,0,10,65.0,100.0,116,43.4,116,65.1,0,100.0,267,267,64.4,100.0,125,46.8,125
Cordy Glenn,7045,T,CIN,13,0,7,52.4,100.0,81,30.6,81,47.5,1,100.0,265,265,45.5,100.0,164,61.9,164
Blake Bortles,8638,QB,JAX,13,0,15,60.2,100.0,78,29.4,78,60.1,0,93.6,265,283,60.0,95.6,175,66.0,183
Levine Toilolo,7915,TE,DET,16,0,11,48.4,100.0,133,50.8,133,54.2,0,100.0,262,262,57.5,100.0,111,42.4,111
Zach Pascal,12303,WR,IND,18,0,14,87.7,100.0,145,55.3,145,79.6,1,98.5,262,266,68.5,100.0,86,32.8,86
T.Y. Hilton,7092,WR,IND,16,0,14,62.8,100.0,150,57.7,150,57.9,0,100.0,260,260,65.5,100.0,91,35.0,91
DJ Moore,48267,WR,CAR,16,0,5,63.0,99.2,118,45.4,119,56.1,1,95.9,260,271,61.7,97.3,108,41.5,111
Mike Evans,8642,WR,TB,16,0,30,72.6,100.0,93,35.9,93,65.6,0,100.0,259,259,68.1,100.0,139,53.7,139
Davante Adams,8688,WR,GB,15,0,12,63.9,100.0,73,28.3,73,56.8,1,100.0,258,258,60.4,100.0,167,64.7,167
Dwayne Allen,7066,TE,NE,16,0,19,61.0,100.0,125,48.6,125,61.8,0,100.0,257,257,59.1,100.0,86,33.5,86
Andrew Norwell,9126,G,JAX,11,0,15,46.7,100.0,70,27.6,70,62.6,0,100.0,254,254,68.9,100.0,166,65.4,166
James Carpenter,6177,G,NYJ,10,0,22,56.8,100.0,89,35.2,89,54.2,0,100.0,253,253,52.4,100.0,139,54.9,139
Riley Reiff,7029,T,MIN,13,0,18,48.1,100.0,79,31.3,79,69.4,2,100.0,252,252,80.7,100.0,143,56.7,143
Chris Moore,10741,WR,BLT,17,0,3,61.2,100.0,145,58.0,145,64.5,1,97.7,250,256,60.3,100.0,69,27.6,69
John Brown,8726,WR,BLT,17,0,3,56.1,100.0,145,58.0,145,52.9,0,98.8,250,253,62.0,100.0,88,35.2,88
Cam Newton,6153,QB,CAR,14,0,5,60.0,84.3,118,47.2,140,60.0,0,76.7,250,326,60.0,81.1,107,42.8,132
George Fant,11282,T,SEA,15,1,29,75.0,100.0,72,28.8,72,75.2,3,100.0,250,250,74.5,100.0,152,60.8,152
Lane Taylor,8365,G,GB,15,0,12,63.3,100.0,73,29.3,73,60.7,1,100.0,249,249,62.0,100.0,158,63.5,158
Darren Fells,8549,TE,CLV,16,0,8,48.8,100.0,114,45.8,114,55.9,1,100.0,249,249,67.0,100.0,112,45.0,112
Dallas Goedert,47272,TE,PHI,18,0,24,62.4,100.0,75,30.1,75,75.8,1,100.0,249,249,76.4,100.0,151,60.6,151
Donte Moncrief,8725,WR,JAX,16,0,15,64.2,100.0,59,23.8,59,52.7,1,100.0,248,248,68.6,100.0,174,70.2,174
Tre'Quan Smith,48228,WR,NO,17,0,20,65.3,100.0,104,41.9,104,64.9,1,99.6,248,249,64.2,100.0,127,51.2,127
Russell Bodine,8746,C,BUF,10,0,4,60.0,100.0,90,36.3,90,57.0,1,100.0,248,248,59.7,100.0,120,48.4,120
Chris Herndon,47164,TE,NYJ,16,0,22,53.8,100.0,84,33.9,84,54.8,0,100.0,248,248,61.6,100.0,136,54.8,136
Josh Allen,46601,QB,BUF,12,0,4,60.0,99.0,97,39.3,98,60.0,0,85.5,247,289,60.0,90.3,131,53.0,145
Travis Swanson,8711,C,MIA,12,0,17,68.7,100.0,83,34.0,83,69.3,0,100.0,244,244,66.3,100.0,149,61.1,149
Courtland Sutton,48164,WR,DEN,16,0,10,82.4,100.0,100,41.0,100,82.8,3,99.6,244,245,68.9,100.0,120,49.2,120
Isaac Seumalo,10713,G,PHI,15,0,24,66.5,100.0,78,32.2,78,67.8,0,100.0,242,242,64.6,100.0,140,57.9,140
Stefen Wisniewski,6200,G,PHI,14,0,24,46.0,100.0,78,32.4,78,54.0,1,100.0,241,241,56.7,100.0,139,57.7,139
Lamar Jackson,46416,QB,BLT,17,0,3,60.7,61.3,146,60.6,238,60.6,0,63.9,241,377,60.0,88.9,88,36.5,99
Maxx Williams,9488,TE,BLT,14,0,3,72.6,100.0,146,60.6,146,70.7,2,98.8,241,244,64.5,100.0,53,22.0,53
Stefon Diggs,9579,WR,MIN,15,0,18,70.7,98.5,65,27.2,66,60.3,1,96.8,239,247,59.9,100.0,156,65.3,156
Tajae Sharpe,10774,WR,TEN,16,0,31,62.0,100.0,52,21.8,52,64.8,0,99.6,239,240,60.4,100.0,175,73.2,175
Danny Amendola,4717,WR,MIA,15,0,17,62.7,100.0,74,31.1,74,55.9,0,99.6,238,239,69.0,100.0,153,64.3,153
Mike Williams,11762,WR,LAC,18,0,27,56.8,100.0,135,57.0,135,56.6,0,97.1,237,244,60.1,100.0,71,30.0,71
Alex Smith,2218,QB,WAS,10,0,32,60.0,99.2,124,52.5,125,60.0,0,92.5,236,255,60.0,94.2,97,41.1,103
Ereck Flowers,9442,T,JAX,10,1,15,61.8,100.0,69,29.4,69,63.9,2,100.0,235,235,66.0,100.0,148,63.0,148
Jamon Brown,9505,G,NYG,10,1,21,60.8,100.0,68,28.9,68,57.0,2,100.0,235,235,54.3,100.0,143,60.9,143
Chris Godwin,11839,WR,TB,16,0,30,55.3,100.0,91,38.7,91,65.0,1,100.0,235,235,59.9,100.0,124,52.8,124
Carson Wentz,10636,QB,PHI,11,0,24,60.0,98.9,88,37.6,89,60.0,0,92.9,234,252,60.0,97.2,138,59.0,142
Tyler Boyd,10689,WR,CIN,14,0,7,66.1,100.0,62,26.6,62,58.9,0,99.1,233,235,70.1,100.0,151,64.8,151
Tyler Shatley,9257,C,JAX,11,0,15,56.2,100.0,74,31.8,74,56.1,2,100.0,233,233,59.2,100.0,141,60.5,141
Rhett Ellison,7128,TE,NYG,14,0,21,63.9,100.0,75,32.3,75,71.1,1,100.0,232,232,78.7,100.0,142,61.2,142
Josh Gordon,7618,WR,NE,11,1,19,71.0,100.0,139,60.2,139,53.5,1,100.0,231,231,72.7,100.0,65,28.1,65
JuJu Smith-Schuster,11817,WR,PIT,16,0,25,79.3,100.0,140,60.9,140,60.8,1,99.6,230,231,52.0,100.0,65,28.3,65
Austin Hooper,10715,TE,ATL,16,0,2,58.7,100.0,58,25.2,58,64.2,0,100.0,230,230,68.3,100.0,149,64.8,149
Antonio Callaway,48101,WR,CLV,16,0,8,63.2,100.0,95,41.3,95,65.8,1,99.1,230,232,57.4,100.0,116,50.4,116
Jordan Thomas,42062,TE,HST,17,0,13,47.6,100.0,69,30.1,69,35.5,0,100.0,229,229,41.5,100.0,144,62.9,144
Robbie Chosen,11254,WR,NYJ,14,0,22,62.8,100.0,92,40.4,92,48.0,1,99.1,228,230,60.2,100.0,119,52.2,119
Patrick Omameh,8277,G,JAX,11,0,15,68.6,100.0,68,30.0,68,57.1,1,100.0,227,227,53.1,100.0,137,60.4,137
Bryan Witzmann,8995,G,CHI,10,0,6,55.0,100.0,60,26.4,60,54.0,0,100.0,227,227,57.1,100.0,138,60.8,138
Jared Cook,5012,TE,OAK,16,0,23,60.5,100.0,49,21.6,49,46.2,2,100.0,227,227,48.1,100.0,155,68.3,155
Chris Manhertz,10211,TE,CAR,16,0,5,59.2,100.0,95,42.0,95,62.2,2,100.0,226,226,68.3,100.0,85,37.6,85
Mohamed Sanu,7084,WR,ATL,16,0,2,83.2,96.2,51,22.9,53,73.4,0,96.5,223,231,63.7,96.1,149,66.8,155
Bryan Bulaga,5548,T,GB,14,0,12,48.2,100.0,67,30.2,67,59.3,2,100.0,222,222,61.6,100.0,140,63.1,140
Jermaine Kearse,7428,WR,NYJ,14,1,22,69.5,100.0,91,41.0,91,68.4,1,100.0,222,222,65.2,100.0,110,49.5,110
Odell Beckham Jr.,8647,WR,NYG,12,0,21,63.8,100.0,64,28.8,64,71.1,1,97.8,222,227,74.3,100.0,145,65.3,145
Spencer Pulley,10998,C,NYG,11,0,21,58.4,100.0,67,30.3,67,52.6,0,100.0,221,221,48.6,100.0,136,61.5,136
Jesse James,9593,TE,PIT,16,0,25,65.3,100.0,120,54.5,120,64.0,2,100.0,220,220,57.4,100.0,67,30.5,67
Dede Westbrook,11865,WR,JAX,16,0,15,60.2,100.0,52,23.6,52,50.6,1,96.9,220,227,58.4,100.0,160,72.7,160
Jeff Heuerman,9525,TE,DEN,11,0,10,59.2,100.0,98,45.0,98,65.2,0,100.0,218,218,66.8,100.0,106,48.6,106
Matt Feiler,9289,T,PIT,10,0,25,75.5,100.0,119,54.6,119,65.7,0,100.0,218,218,61.7,100.0,70,32.1,70
Jermaine Gresham,5546,TE,ARZ,13,0,1,46.9,100.0,101,46.5,101,51.3,4,100.0,217,217,63.7,100.0,107,49.3,107
Geoff Swaim,9679,TE,DAL,9,0,9,56.0,100.0,95,44.0,95,57.9,0,100.0,216,216,62.5,100.0,94,43.5,94
James O'Shaughnessy,9606,TE,JAX,14,0,15,65.4,100.0,66,30.7,66,78.0,1,100.0,215,215,73.2,100.0,130,60.5,130
Cole Beasley,7330,WR,DAL,18,1,9,61.4,100.0,85,39.5,85,67.2,1,100.0,215,215,60.6,100.0,111,51.6,111
Kyle Long,7801,G,CHI,9,0,6,52.6,100.0,69,32.4,69,55.9,1,100.0,213,213,59.5,100.0,122,57.3,122
Charles Clay,6326,TE,BUF,13,0,4,56.8,100.0,98,46.0,98,57.4,1,100.0,213,213,53.1,100.0,92,43.2,92
Matt Paradis,8841,C,DEN,9,0,10,70.7,100.0,87,40.8,87,80.7,1,100.0,213,213,69.2,100.0,102,47.9,102
Desmond Harrison,15466,T,CLV,8,1,8,40.4,100.0,91,42.9,91,47.7,3,100.0,212,212,65.2,100.0,102,48.1,102
Julio Jones,6158,WR,ATL,16,0,2,73.1,100.0,48,22.7,48,63.1,1,99.1,211,213,60.9,100.0,143,67.8,143
Emmanuel Sanders,5606,WR,DEN,12,0,10,79.2,100.0,92,43.6,92,72.8,0,98.1,211,215,75.3,100.0,102,48.3,102
Xavier Su'a-Filo,8668,G,DAL,8,0,9,46.3,100.0,83,39.7,83,42.3,1,100.0,209,209,52.5,100.0,106,50.7,106
Ryan Tannehill,7014,QB,MIA,11,0,17,61.5,98.3,59,28.2,60,61.8,0,89.7,209,233,61.2,92.7,140,67.0,151
Kendrick Bourne,12270,WR,SF,16,0,28,59.1,100.0,50,24.2,50,74.5,1,100.0,207,207,83.8,100.0,142,68.6,142
Billy Price,46795,C,CIN,10,0,7,60.9,100.0,62,30.0,62,57.3,1,100.0,207,207,58.7,100.0,126,60.9,126
Dalton Schultz,47304,TE,DAL,12,0,9,55.0,100.0,108,52.2,108,59.9,1,100.0,207,207,76.0,100.0,80,38.6,80
Jaron Brown,8128,WR,SEA,17,0,29,80.5,100.0,75,36.4,75,73.5,0,100.0,206,206,72.2,100.0,114,55.3,114
Benjamin Watson,1753,TE,NO,17,0,20,62.8,100.0,77,37.4,77,56.9,0,100.0,206,206,53.1,100.0,87,42.2,87
Vladimir Ducasse,5586,G,BUF,9,0,4,38.6,100.0,84,40.8,84,41.0,1,100.0,206,206,55.3,100.0,94,45.6,94
Brandon Scherff,9438,G,WAS,8,0,32,65.3,100.0,100,48.8,100,64.4,1,100.0,205,205,66.6,100.0,82,40.0,82
Jameis Winston,9434,QB,TB,11,0,30,60.0,100.0,87,42.6,87,60.0,1,93.6,204,218,60.0,97.2,104,51.0,107
Wyatt Teller,46131,G,BUF,8,0,4,48.4,100.0,54,26.6,54,54.1,1,100.0,203,203,57.3,100.0,108,53.2,108
Jeremy Sprinkle,11909,TE,WAS,16,0,32,52.0,100.0,107,53.0,107,51.2,2,100.0,202,202,57.2,100.0,75,37.1,75
Chester Rogers,10918,WR,IND,18,0,14,59.6,100.0,103,51.2,103,62.6,1,99.5,201,202,58.5,100.0,84,41.8,84
Vernon Davis,2951,TE,WAS,14,0,32,44.3,100.0,110,54.7,110,39.8,3,100.0,201,201,45.8,100.0,68,33.8,68
Ryan Groy,9221,C,BUF,11,0,4,51.6,100.0,69,34.5,69,38.2,0,100.0,200,200,39.6,100.0,94,47.0,94
Eric Tomlinson,9786,TE,NYJ,15,1,22,50.7,100.0,79,39.7,79,52.8,1,100.0,199,199,58.8,100.0,102,51.3,102
Trey Hopkins,9276,C,CIN,12,0,7,50.0,100.0,53,26.6,53,53.0,1,100.0,199,199,60.7,100.0,125,62.8,125
Golden Tate,5585,WR,PHI,17,0,24,68.3,100.0,84,42.4,84,67.8,1,98.0,198,202,65.5,100.0,106,53.5,106
John Ross,11764,WR,CIN,13,0,7,55.4,100.0,58,29.3,58,44.3,0,98.0,198,202,61.0,100.0,130,65.7,130
Keelan Cole Sr.,51593,WR,JAX,16,0,15,57.9,100.0,50,25.5,50,61.6,1,100.0,196,196,74.0,100.0,134,68.4,134
Mo Alie-Cox,12078,TE,IND,11,0,14,59.4,100.0,107,55.2,107,60.1,1,100.0,194,194,59.3,100.0,57,29.4,57
Andy Dalton,6187,QB,CIN,11,0,7,60.0,100.0,59,30.4,59,60.4,0,98.0,194,198,60.5,99.2,124,63.9,125
Devin Funchess,9474,WR,CAR,14,0,5,59.1,100.0,90,46.6,90,56.6,0,100.0,193,193,62.3,100.0,88,45.6,88
Joe Flacco,4332,QB,BLT,9,0,3,63.7,99.1,105,54.4,106,63.7,0,92.8,193,208,61.7,100.0,66,34.2,66
Jermon Bushrod,3741,T,NO,12,0,20,55.1,100.0,80,41.7,80,46.1,1,100.0,192,192,39.4,100.0,81,42.2,81
Mike Iupati,5542,G,ARZ,10,1,1,68.0,100.0,80,41.7,80,73.8,1,100.0,192,192,71.2,100.0,87,45.3,87
Dennis Kelly,7146,T,TEN,8,0,31,61.6,100.0,49,25.7,49,71.3,0,100.0,191,191,74.9,100.0,127,66.5,127
Anthony Miller,48160,WR,CHI,16,0,6,63.0,100.0,67,35.1,67,61.0,3,97.4,191,196,62.1,100.0,109,57.1,109
Antony Auclair,24606,TE,TB,16,0,30,50.4,100.0,86,45.3,86,50.9,3,100.0,190,190,53.3,100.0,84,44.2,84
Logan Paulsen,5795,TE,ATL,15,0,2,57.1,100.0,58,30.5,58,57.7,1,100.0,190,190,59.4,100.0,116,61.1,116
Luke Willson,7940,TE,DET,14,0,11,66.5,100.0,71,37.6,71,66.8,0,100.0,189,189,62.7,100.0,99,52.4,99
Nick O'Leary,9627,TE,MIA,12,0,17,61.3,100.0,65,34.4,65,62.3,0,100.0,189,189,60.6,100.0,114,60.3,114
Quincy Enunwa,8843,WR,NYJ,11,0,22,81.8,100.0,78,41.5,78,83.4,1,99.5,188,189,67.1,100.0,101,53.7,101
Greg Robinson,8637,T,CLV,9,1,8,67.8,100.0,76,40.6,76,53.6,4,100.0,187,187,50.3,100.0,84,44.9,84
Rashod Hill,11369,T,MIN,14,1,18,46.7,100.0,60,32.1,60,56.5,3,100.0,187,187,59.8,100.0,109,58.3,109
Nick Mullens,12282,QB,SF,8,0,28,60.0,98.1,52,28.1,53,60.0,0,91.1,185,203,60.0,97.7,128,69.2,131
Jonotthan Harrison,9132,C,NYJ,10,0,22,59.0,100.0,77,41.6,77,59.0,1,100.0,185,185,60.0,100.0,89,48.1,89
Kelvin Benjamin,8663,WR,KC,14,0,16,58.9,100.0,63,34.2,63,67.5,1,100.0,184,184,66.2,100.0,96,52.2,96
Allen Hurns,8931,WR,DAL,17,0,9,49.6,100.0,81,44.3,81,51.1,1,100.0,183,183,60.5,100.0,86,47.0,86
Elijah Wilkinson,46238,G,DEN,11,0,10,72.7,100.0,81,44.3,81,70.0,0,100.0,183,183,68.4,100.0,83,45.4,83
Jimmy Graham,5619,TE,GB,16,0,12,52.8,100.0,50,27.5,50,54.8,0,100.0,182,182,51.3,100.0,120,65.9,120
Marquez Valdes-Scantling,47809,WR,GB,15,0,12,51.7,100.0,49,26.9,49,35.6,1,98.9,182,184,55.5,100.0,117,64.3,117
Jack Conklin,10642,T,TEN,9,0,31,73.9,100.0,42,23.2,42,66.2,1,100.0,181,181,62.5,100.0,121,66.9,121
Sammy Watkins,8639,WR,KC,12,0,16,61.5,100.0,51,28.2,51,55.5,2,96.8,181,187,55.3,100.0,116,64.1,116
D.J. Humphries,9457,T,ARZ,9,0,1,75.9,100.0,73,40.6,73,74.9,0,100.0,180,180,61.5,100.0,82,45.6,82
Phillip Dorsett,9462,WR,NE,17,0,19,77.9,100.0,95,52.8,95,67.4,0,97.8,180,184,59.8,100.0,64,35.6,64
DaeSean Hamilton,45416,WR,DEN,14,0,10,49.0,100.0,77,43.0,77,56.2,0,100.0,179,179,60.3,100.0,81,45.3,81
Taywan Taylor,11827,WR,TEN,13,0,31,70.5,100.0,51,28.8,51,81.6,0,99.4,177,178,67.8,100.0,113,63.8,113
Lee Smith,6311,TE,OAK,16,0,23,63.6,100.0,56,31.8,56,70.9,1,100.0,176,176,72.4,100.0,99,56.3,99
Adam Humphries,10075,WR,TB,16,0,30,74.1,98.3,57,32.4,58,67.3,0,99.4,176,177,57.7,100.0,94,53.4,94
Christian Kirk,47546,WR,ARZ,12,0,1,64.5,100.0,71,40.6,71,55.1,0,98.3,175,178,68.0,100.0,85,48.6,85
Garrett Celek,7274,TE,SF,15,0,28,70.6,100.0,35,20.1,35,66.2,1,100.0,174,174,67.1,100.0,129,74.1,129
Jordan Akins,47050,TE,HST,17,0,13,67.5,100.0,55,31.8,55,68.0,0,100.0,173,173,68.1,100.0,101,58.4,101
Marvin Jones Jr.,7158,WR,DET,9,0,11,73.5,100.0,80,46.2,80,63.3,1,100.0,173,173,65.6,100.0,84,48.6,84
Tony Bergstrom,7095,G,WAS,10,0,32,46.3,100.0,93,53.8,93,51.3,0,100.0,173,173,65.5,100.0,60,34.7,60
Ian Thomas,42130,TE,CAR,14,0,5,43.0,100.0,71,41.5,71,38.4,0,100.0,171,171,58.4,100.0,72,42.1,72
Andre Smith,4929,T,CIN,10,0,7,74.0,100.0,66,38.8,66,64.6,0,100.0,170,170,58.7,100.0,86,50.6,86
Ed Dickson,5595,TE,SEA,11,0,29,45.1,100.0,58,34.3,58,50.4,0,100.0,169,169,59.6,100.0,93,55.0,93
Robert Foster,48230,WR,BUF,12,0,4,62.7,100.0,54,32.0,54,44.3,0,100.0,169,169,66.8,100.0,88,52.1,88
Marquise Goodwin,7859,WR,SF,11,0,28,55.3,100.0,31,18.5,31,58.8,1,97.7,168,172,72.2,100.0,126,75.0,126
DeVante Parker,9447,WR,MIA,11,0,17,62.3,100.0,58,34.7,58,65.6,0,100.0,167,167,65.9,100.0,104,62.3,104
Jason Croom,12145,TE,BUF,15,0,4,54.4,100.0,43,25.9,43,52.0,0,100.0,166,166,57.8,100.0,94,56.6,94
Dante Pettis,48113,WR,SF,11,0,28,54.6,100.0,44,26.5,44,52.5,0,99.4,166,167,61.8,100.0,117,70.5,117
Demetrius Harris,8524,TE,KC,17,1,16,65.8,100.0,45,27.3,45,72.0,2,100.0,165,165,65.0,100.0,97,58.8,97
Seth Roberts,9079,WR,OAK,15,0,23,38.5,100.0,33,20.0,33,67.3,3,98.2,165,168,67.9,100.0,118,71.5,118
Nick Foles,7089,QB,PHI,7,0,24,60.0,100.0,49,29.7,49,60.2,0,94.3,165,175,60.1,99.1,106,64.2,107
Byron Bell,6848,G,GB,9,0,12,48.0,100.0,55,33.7,55,41.6,0,100.0,163,163,49.0,100.0,95,58.3,95
Cooper Kupp,11824,WR,LA,8,0,26,62.5,100.0,41,25.2,41,59.7,0,97.0,163,168,69.9,100.0,110,67.5,110
Matt LaCosse,9840,TE,DEN,14,0,10,48.4,100.0,74,46.0,74,48.6,0,100.0,161,161,55.8,100.0,70,43.5,70
Maurice Harris,11035,WR,WAS,12,0,32,73.7,98.8,79,49.1,80,61.6,0,98.8,161,163,57.7,100.0,61,37.9,61
Josh Bellamy,7472,WR,CHI,17,0,6,53.3,100.0,42,26.1,42,65.1,1,100.0,161,161,59.2,100.0,101,62.7,101
Scott Simonson,8954,TE,NYG,16,1,21,57.5,100.0,51,32.3,51,56.4,2,100.0,158,158,57.4,100.0,89,56.3,89
Joe Haeg,10789,T,IND,10,0,14,64.4,100.0,91,57.6,91,64.1,1,100.0,158,158,66.9,100.0,47,29.7,47
Laquon Treadwell,10657,WR,MIN,15,0,18,60.4,100.0,65,41.4,65,51.3,0,100.0,157,157,57.8,100.0,79,50.3,79
Martinas Rankin,46333,T,HST,10,0,13,39.8,100.0,46,29.5,46,45.6,0,100.0,156,156,52.0,100.0,94,60.3,94
Greg Mancz,10019,G,HST,10,0,13,57.7,100.0,38,24.5,38,65.0,0,100.0,155,155,68.1,100.0,106,68.4,106
Ty Nsekhe,7636,T,WAS,12,0,32,72.8,100.0,75,48.7,75,70.8,0,100.0,154,154,66.3,100.0,61,39.6,61
Demarcus Robinson,10760,WR,KC,18,0,16,56.3,100.0,39,25.3,39,59.2,0,100.0,154,154,71.2,100.0,92,59.7,92
LaAdrian Waddle,8460,T,NE,16,0,19,55.6,100.0,69,45.7,69,52.8,0,100.0,151,151,51.6,100.0,49,32.5,49
Jordan Leggett,11905,TE,NYJ,15,0,22,63.4,100.0,54,35.8,54,66.9,1,100.0,151,151,64.9,100.0,83,55.0,83
Oday Aboushi,7923,G,ARZ,7,0,1,62.1,100.0,64,42.7,64,57.1,0,100.0,150,150,55.2,100.0,67,44.7,67
Greg Olsen,3647,TE,CAR,9,0,5,55.2,100.0,57,38.3,57,46.1,0,100.0,149,149,58.1,100.0,65,43.6,65
Jack Doyle,8520,TE,IND,6,0,14,64.6,100.0,85,57.4,85,75.2,2,100.0,148,148,76.2,100.0,46,31.1,46
Hayden Hurst,47294,TE,BLT,13,0,3,65.4,100.0,82,55.4,82,59.5,0,99.3,148,149,52.1,100.0,34,23.0,34
Eric Ebron,8645,TE,IND,18,0,14,44.4,100.0,69,46.9,69,48.4,1,98.7,147,149,53.5,100.0,59,40.1,59
Dontrelle Inman,6597,WR,IND,11,0,14,58.1,100.0,70,47.6,70,74.0,0,100.0,147,147,69.2,100.0,65,44.2,65
John Greco,4379,C,NYG,9,0,21,55.1,100.0,43,29.7,43,65.7,1,100.0,145,145,70.8,100.0,81,55.9,81
A.J. Green,6156,WR,CIN,9,0,7,64.9,100.0,42,29.0,42,61.4,0,100.0,145,145,70.8,100.0,91,62.8,91
Calvin Ridley,48262,WR,ATL,16,0,2,59.5,93.3,28,19.3,30,63.5,0,95.4,145,152,67.4,100.0,102,70.3,102
Joe Barksdale,6244,T,ARZ,10,0,1,40.5,100.0,57,39.3,57,51.9,1,100.0,145,145,62.8,100.0,67,46.2,67
Andy Janovich,10810,FB,DEN,16,0,10,63.5,100.0,47,32.9,47,66.2,1,98.6,143,145,60.4,100.0,66,46.2,66
O.J. Howard,11774,TE,TB,10,0,30,55.8,100.0,44,30.8,44,60.0,1,100.0,143,143,62.5,100.0,78,54.5,78
Zach Line,8420,FB,NO,18,0,20,66.5,92.9,52,36.4,56,73.0,1,93.5,143,153,73.2,100.0,51,35.7,51
Blake Jarwin,12320,TE,DAL,17,0,9,67.5,100.0,63,44.1,63,68.1,2,100.0,143,143,70.5,100.0,63,44.1,63
Brandon Linder,8728,C,JAX,9,0,15,65.1,100.0,37,25.9,37,74.3,0,100.0,143,143,80.9,100.0,95,66.4,95
Brandon Fusco,6324,G,ATL,7,0,2,54.5,100.0,31,21.7,31,68.2,1,100.0,143,143,66.3,100.0,100,69.9,100
Curtis Samuel,11795,WR,CAR,12,0,5,53.8,98.4,63,44.7,64,44.4,0,94.6,141,149,63.0,98.5,65,46.1,66
David Morgan,10822,TE,MIN,11,0,18,59.5,100.0,40,28.6,40,51.5,0,100.0,140,140,49.9,100.0,83,59.3,83
Korey Cunningham,38555,T,ARZ,6,0,1,62.8,100.0,60,42.9,60,57.2,0,100.0,140,140,56.4,100.0,63,45.0,63
Pierre Garcon,4519,WR,SF,8,0,28,60.3,100.0,30,21.6,30,76.6,0,100.0,139,139,82.8,100.0,100,71.9,100
Rashard Higgins,10806,WR,CLV,13,1,8,69.6,100.0,56,40.3,56,50.6,1,100.0,139,139,63.4,100.0,62,44.6,62
Gerald Everett,11799,TE,LA,17,1,26,62.7,100.0,25,18.0,25,75.0,1,98.6,139,141,73.6,100.0,81,58.3,81
Jordan Reed,7866,TE,WAS,13,0,32,61.3,100.0,65,47.1,65,57.9,0,100.0,138,138,61.8,100.0,57,41.3,57
Marcell Ateman,23670,WR,OAK,7,0,23,58.0,100.0,30,21.7,30,58.7,0,100.0,138,138,71.3,100.0,97,70.3,97
Ryan Grant,8777,WR,IND,14,0,14,89.2,100.0,75,54.3,75,84.0,0,100.0,138,138,59.7,100.0,53,38.4,53
Ron Leary,7338,G,DEN,6,0,10,60.8,100.0,58,42.3,58,64.1,0,100.0,137,137,58.9,100.0,66,48.2,66
Jeff Driskel,10841,QB,CIN,9,0,7,60.0,97.6,40,29.9,41,60.0,0,90.5,134,148,60.0,93.4,85,63.4,91
Jamison Crowder,9538,WR,WAS,9,0,32,41.3,98.6,68,51.1,69,44.1,1,96.4,133,138,54.7,100.0,54,40.6,54
Orson Charles,7116,TE,CLV,13,0,8,38.8,100.0,58,44.3,58,46.2,0,100.0,131,131,59.4,100.0,62,47.3,62
Cameron Brate,9207,TE,TB,16,0,30,53.1,100.0,42,32.1,42,59.1,1,100.0,131,131,74.4,100.0,70,53.4,70
Michael Floyd,7019,WR,WAS,13,0,32,49.1,100.0,65,49.6,65,58.4,0,100.0,131,131,62.4,100.0,59,45.0,59
Bradley Bozeman,27934,G,BLT,11,0,3,66.8,100.0,71,54.2,71,62.2,0,100.0,131,131,56.5,100.0,45,34.4,45
Ricky Seals-Jones,12020,TE,ARZ,14,0,1,55.8,100.0,49,37.7,49,50.5,1,100.0,130,130,61.3,100.0,45,34.6,45
Chad Williams,11853,WR,ARZ,10,0,1,60.7,100.0,46,35.4,46,58.1,0,99.2,130,131,70.4,100.0,69,53.1,69
Justin Pugh,7800,G,ARZ,7,0,1,51.9,100.0,59,45.4,59,51.3,0,100.0,130,130,51.4,100.0,54,41.5,54
MyCole Pruitt,9576,TE,TEN,14,0,31,71.6,100.0,41,31.5,41,68.0,0,100.0,130,130,62.4,100.0,77,59.2,77
Jordan Matthews,8677,WR,PHI,15,0,24,56.4,100.0,40,30.8,40,67.3,0,100.0,130,130,85.9,100.0,75,57.7,75
Evan Boehm,10762,C,IND,10,0,14,59.3,100.0,66,51.6,66,66.9,1,100.0,128,128,73.6,100.0,39,30.5,39
Le'Raven Clark,10716,T,IND,12,0,14,54.9,100.0,69,53.9,69,59.9,1,100.0,128,128,62.5,100.0,40,31.3,40
Tim Patrick,12087,WR,DEN,13,1,10,47.3,100.0,57,44.5,57,57.3,1,97.7,128,131,62.4,100.0,61,47.7,61
Sean Culkin,12037,TE,LAC,14,0,27,67.5,100.0,57,44.9,57,63.1,1,100.0,127,127,54.2,100.0,33,26.0,33
Halapoulivaati Vaitai,10798,T,PHI,13,0,24,41.6,100.0,27,21.4,27,40.8,1,100.0,126,126,51.1,100.0,79,62.7,79
Eric Kush,7952,G,CHI,7,0,6,53.5,100.0,47,37.3,47,50.1,0,100.0,126,126,50.7,100.0,64,50.8,64
Andre Holmes,6489,WR,DEN,14,0,10,78.5,100.0,59,47.2,59,67.3,0,100.0,125,125,66.5,100.0,50,40.0,50
Will Fuller V,10655,WR,HST,7,0,13,54.9,100.0,30,24.0,30,63.7,0,100.0,125,125,68.3,100.0,86,68.8,86
Brock Osweiler,7059,QB,MIA,7,0,17,60.2,100.0,43,34.4,43,60.6,0,96.9,125,129,60.5,100.0,79,63.2,79
Lance Kendricks,6199,TE,GB,16,0,12,62.7,100.0,45,36.3,45,71.1,0,100.0,124,124,61.2,100.0,70,56.5,70
Shawn Lauvao,5616,G,WAS,5,0,32,60.0,100.0,54,43.5,54,58.4,0,100.0,124,124,51.8,100.0,57,46.0,57
C.J. Beathard,11859,QB,SF,5,0,28,60.0,100.0,22,17.7,22,60.0,0,93.2,124,133,60.0,96.0,96,77.4,100
Evan Engram,11778,TE,NYG,11,0,21,61.3,100.0,23,18.7,23,60.6,1,97.6,123,126,62.3,100.0,83,67.5,83
Ryan Hewitt,9107,TE,IND,13,0,14,53.1,100.0,70,56.9,70,55.2,0,100.0,123,123,64.3,100.0,30,24.4,30
James Washington,47792,WR,PIT,14,0,25,48.4,100.0,74,60.2,74,51.3,1,100.0,123,123,63.7,100.0,33,26.8,33
Mike Gesicki,47153,TE,MIA,16,0,17,53.5,100.0,22,17.9,22,42.0,0,100.0,123,123,50.3,100.0,80,65.0,80
Ethan Pocic,11813,G,SEA,5,0,29,58.9,100.0,40,32.8,40,50.0,2,100.0,122,122,47.3,100.0,74,60.7,74
Mark Andrews,47436,TE,BLT,17,0,3,54.3,100.0,58,47.5,58,60.1,1,100.0,122,122,66.6,100.0,32,26.2,32
Christian McCaffrey,11763,HB,CAR,16,0,5,54.6,19.9,30,24.6,151,59.1,0,35.4,122,345,60.5,28.7,39,32.0,136
Justin McCray,9234,G,GB,8,0,12,73.1,100.0,30,24.6,30,61.3,0,100.0,122,122,57.0,100.0,85,69.7,85
Laurent Duvernay-Tardif,8834,G,KC,5,0,16,59.9,100.0,42,34.7,42,65.6,0,100.0,121,121,64.6,100.0,59,48.8,59
Derek Carrier,7406,TE,OAK,16,0,23,64.1,100.0,38,31.4,38,64.2,0,100.0,121,121,65.2,100.0,62,51.2,62
Derek Watt,10832,FB,LAC,17,0,27,62.2,96.1,49,40.8,51,59.2,0,96.0,120,125,57.5,100.0,50,41.7,50
Alex Erickson,11107,WR,CIN,13,0,7,81.0,96.4,27,22.5,28,68.0,0,97.6,120,123,67.7,100.0,80,66.7,80
Austin Carr,12215,WR,NO,15,0,20,63.2,100.0,48,40.3,48,52.4,0,100.0,119,119,62.6,100.0,63,52.9,63
Tyler Larsen,9304,G,CAR,9,0,5,55.4,100.0,52,43.7,52,58.5,0,100.0,119,119,61.0,100.0,49,41.2,49
Jarius Wright,7118,WR,CAR,16,0,5,70.8,100.0,64,54.2,64,58.7,0,98.3,118,120,59.7,100.0,43,36.4,43
Marcedes Lewis,2973,TE,GB,16,0,12,62.2,100.0,49,42.2,49,59.9,0,100.0,116,116,57.9,100.0,59,50.9,59
Tommy Bohanon,7997,FB,JAX,16,1,15,53.9,100.0,48,41.4,48,48.9,1,99.1,116,117,49.7,100.0,57,49.1,57
John Wetzel,8088,T,ARZ,8,0,1,45.8,100.0,42,36.2,42,65.3,0,100.0,116,116,65.6,100.0,56,48.3,56
Andy Jones,11123,WR,DET,8,0,11,87.1,100.0,60,52.2,60,85.7,1,100.0,115,115,89.1,100.0,52,45.2,52
Keith Smith,9302,FB,OAK,16,0,23,59.7,100.0,42,36.5,42,59.5,0,99.1,115,116,57.0,100.0,59,51.3,59
Logan Thomas,8755,TE,BUF,12,0,4,47.1,100.0,32,27.8,32,57.3,0,100.0,115,115,61.8,100.0,53,46.1,53
Ben Garland,5839,G,ATL,8,0,2,83.9,100.0,37,32.2,37,78.6,1,100.0,115,115,65.0,100.0,66,57.4,66
Xavier Grimble,9092,TE,PIT,15,0,25,50.1,100.0,47,40.9,47,50.8,1,100.0,115,115,54.8,100.0,54,47.0,54
T.J. Jones,8824,WR,DET,14,0,11,61.7,100.0,45,39.1,45,52.7,0,100.0,115,115,62.2,100.0,63,54.8,63
Ryan Fitzpatrick,2467,QB,TB,8,0,30,60.0,100.0,34,30.1,34,60.0,0,90.4,113,125,60.0,97.2,70,61.9,72
Paul Richardson Jr.,8680,WR,WAS,7,0,32,54.7,100.0,46,40.7,46,55.4,0,99.1,113,114,59.1,100.0,56,49.6,56
Taysom Hill,12112,QB,NO,17,0,20,68.0,78.7,37,33.0,47,75.4,1,74.2,112,151,70.3,69.9,58,51.8,83
Bennie Fowler,8914,WR,NYG,10,0,21,63.7,100.0,42,37.5,42,62.9,1,100.0,112,112,64.2,100.0,57,50.9,57
Vance McDonald,7836,TE,PIT,15,0,25,67.4,100.0,62,55.9,62,72.2,0,100.0,111,111,59.5,100.0,38,34.2,38
Patrick DiMarco,6997,FB,BUF,16,0,4,54.8,100.0,37,33.3,37,50.4,0,99.1,111,112,50.9,98.1,51,45.9,52
Trent Sherfield,48021,WR,ARZ,9,0,1,91.2,100.0,41,37.3,41,81.0,0,100.0,110,110,59.2,100.0,49,44.5,49
Josh Wells,8968,T,JAX,6,0,15,46.3,100.0,29,26.4,29,49.0,0,100.0,110,110,53.2,100.0,73,66.4,73
DeAndre Carter,9859,WR,HST,10,0,13,53.5,100.0,27,25.0,27,51.1,0,99.1,108,109,63.7,100.0,67,62.0,67
Deonte Thompson,7513,WR,BUF,13,0,4,65.4,100.0,46,42.6,46,86.1,0,100.0,108,108,81.9,100.0,55,50.9,55
Rico Gathers,10851,TE,DAL,17,0,9,61.0,100.0,46,43.0,46,61.4,0,100.0,107,107,61.7,100.0,44,41.1,44
Marcus Gilbert,6215,T,PIT,5,0,25,61.2,100.0,56,52.3,56,56.2,1,100.0,107,107,61.1,100.0,39,36.4,39
Randall Cobb,6216,WR,GB,9,0,12,50.6,100.0,20,18.9,20,34.7,0,100.0,106,106,54.2,100.0,77,72.6,77
Jakeem Grant Sr.,10820,WR,MIA,10,0,17,54.4,100.0,28,26.4,28,68.4,0,99.1,106,107,88.5,100.0,70,66.0,70
Zane Beadles,5570,G,ATL,5,0,2,46.6,100.0,20,19.2,20,47.9,0,100.0,104,104,47.8,100.0,70,67.3,70
Cam Fleming,8775,T,DAL,10,0,9,50.2,100.0,41,39.4,41,58.2,0,100.0,104,104,66.0,100.0,50,48.1,50
Torrey Smith,6210,WR,CAR,11,0,5,56.2,100.0,52,50.5,52,48.0,0,100.0,103,103,70.3,100.0,47,45.6,47
Adam Shaheen,11800,TE,CHI,7,0,6,56.6,100.0,25,24.5,25,55.1,1,100.0,102,102,57.0,100.0,63,61.8,63
Cameron Tom,12227,G,NO,6,0,20,57.4,100.0,41,40.2,41,45.6,0,100.0,102,102,40.7,100.0,47,46.1,47
Ty Sambrailo,9492,T,ATL,6,1,2,44.9,100.0,21,20.6,21,62.4,1,100.0,102,102,72.9,100.0,67,65.7,67
Dion Sims,7888,TE,CHI,8,0,6,44.9,100.0,46,45.5,46,46.4,0,100.0,101,101,58.1,100.0,45,44.6,45
Keith Kirkwood,48017,WR,NO,9,0,20,64.4,100.0,46,45.5,46,53.9,0,100.0,101,101,57.9,100.0,49,48.5,49
Justin Hardy,9540,WR,ATL,16,0,2,64.9,100.0,37,37.0,37,76.4,0,100.0,100,100,65.7,100.0,48,48.0,48
Cody Core,10833,WR,CIN,12,0,7,65.1,100.0,23,23.0,23,47.9,0,100.0,100,100,61.7,100.0,68,68.0,68
Terrelle Pryor Sr.,6944,WR,BUF,7,0,4,46.8,100.0,33,33.0,33,44.5,1,99.0,100,101,60.8,98.3,57,57.0,58
Matt Slauson,5117,G,IND,5,0,14,46.9,100.0,55,55.6,55,56.5,0,100.0,99,99,66.0,100.0,36,36.4,36
Brandon LaFell,5602,WR,OAK,6,0,23,51.3,100.0,16,16.5,16,54.9,0,99.0,97,98,68.1,100.0,76,78.4,76
Denzelle Good,9688,G,OAK,5,0,23,61.1,100.0,32,33.0,32,57.7,0,100.0,97,97,56.2,100.0,55,56.7,55
T.J. Lang,5032,G,DET,6,0,11,81.8,100.0,41,42.3,41,66.1,0,100.0,97,97,53.1,100.0,51,52.6,51
Jordan Simmons,46744,G,SEA,5,0,29,53.5,100.0,21,21.6,21,62.7,0,100.0,97,97,70.7,100.0,64,66.0,64
Blake Bell,9550,TE,JAX,10,0,15,46.9,100.0,25,26.6,25,57.8,0,100.0,94,94,66.1,100.0,59,62.8,59
Antonio Gates,1609,TE,LAC,18,0,27,39.1,100.0,61,64.9,61,46.6,2,100.0,94,94,65.4,100.0,23,24.5,23
Keke Coutee,47698,WR,HST,7,0,13,57.4,96.0,24,25.5,25,59.4,0,96.9,94,97,61.1,98.5,64,68.1,65
Kevin White,9440,WR,CHI,9,0,6,60.1,100.0,19,20.7,19,55.9,0,100.0,92,92,64.7,100.0,67,72.8,67
DJ Chark Jr.,47702,WR,JAX,11,0,15,61.4,100.0,25,27.2,25,61.5,0,100.0,92,92,61.5,100.0,61,66.3,61
Equanimeous St. Brown,47967,WR,GB,11,0,12,70.2,100.0,30,32.6,30,72.0,1,98.9,92,93,69.5,100.0,56,60.9,56
Durham Smythe,47257,TE,MIA,15,0,17,40.8,100.0,21,22.8,21,50.2,0,100.0,92,92,51.0,100.0,56,60.9,56
Noah Brown,11993,WR,DAL,10,0,9,65.4,100.0,56,60.9,56,69.1,3,100.0,92,92,74.1,100.0,31,33.7,31
Colby Gossett,46673,G,ARZ,5,0,1,59.9,100.0,34,37.0,34,51.2,1,100.0,92,92,51.6,100.0,47,51.1,47
Austin Reiter,9655,C,KC,7,0,16,72.9,100.0,20,22.2,20,78.7,0,100.0,90,90,75.6,100.0,60,66.7,60
Max Garcia,9566,G,DEN,4,0,10,57.3,100.0,40,44.4,40,55.5,1,100.0,90,90,62.8,100.0,38,42.2,38
Luke Bowanko,8839,G,WAS,5,0,32,53.2,100.0,43,48.3,43,49.5,0,100.0,89,89,54.3,100.0,40,44.9,40
Marshall Newhouse,5692,T,CAR,13,0,5,47.5,100.0,42,47.2,42,45.6,1,100.0,89,89,56.1,100.0,28,31.5,28
Travis Benjamin,7100,WR,LAC,14,0,27,56.1,100.0,40,45.5,40,58.3,0,92.6,88,95,61.7,100.0,42,47.7,42
Eric Saubert,11929,TE,ATL,14,0,2,55.5,100.0,25,28.4,25,67.5,0,100.0,88,88,73.9,100.0,55,62.5,55
Blaine Gabbert,6162,QB,TEN,8,0,31,60.8,100.0,24,27.3,24,61.8,0,93.6,88,94,61.2,100.0,64,72.7,64
Roosevelt Nix,10269,FB,PIT,15,0,25,55.0,100.0,35,40.2,35,58.6,0,98.9,87,88,62.4,100.0,37,42.5,37
Cordarrelle Patterson,7810,WR,NE,18,0,19,60.9,76.1,51,59.3,67,52.5,2,64.7,86,133,60.6,58.3,21,24.4,36
Nick Bellore,6515,FB,DET,14,0,11,51.4,100.0,34,39.5,34,60.2,0,98.9,86,87,68.3,100.0,40,46.5,40
Jon Feliciano,9561,G,OAK,10,1,23,43.6,100.0,19,22.4,19,50.9,1,100.0,85,85,52.5,100.0,57,67.1,57
Jamize Olawale,7572,FB,DAL,17,0,9,51.3,100.0,28,32.9,28,51.1,0,100.0,85,85,52.3,100.0,35,41.2,35
Ben Koyack,9662,TE,JAX,7,0,15,68.7,100.0,39,45.9,39,63.4,0,100.0,85,85,55.8,100.0,39,45.9,39
DeSean Jackson,4363,WR,TB,12,1,30,62.3,100.0,23,27.1,23,60.7,1,93.4,85,91,60.4,100.0,52,61.2,52
Brandon Marshall,3064,WR,NO,7,0,20,53.7,100.0,29,34.5,29,53.5,0,100.0,84,84,68.1,100.0,53,63.1,53
Bruce Ellington,8741,WR,DET,7,0,11,60.5,100.0,28,33.7,28,61.7,0,98.8,83,84,62.1,100.0,48,57.8,48
Matt Lengel,9884,TE,CIN,11,0,7,70.1,100.0,32,39.0,32,63.5,0,100.0,82,82,56.1,100.0,41,50.0,41
Alvin Kamara,11822,HB,NO,17,0,20,54.9,21.0,26,31.7,124,55.9,0,26.7,82,307,58.7,25.8,39,47.6,151
Cody Kessler,10727,QB,JAX,5,0,15,60.0,100.0,29,35.8,29,60.0,0,95.3,81,85,60.0,100.0,49,60.5,49
Alex Armah,11948,FB,CAR,15,0,5,59.1,100.0,39,48.8,39,59.4,0,89.9,80,89,63.3,100.0,15,18.8,15
Albert Wilson,8943,WR,MIA,7,0,17,75.9,95.0,19,23.8,20,75.3,0,92.0,80,87,61.9,93.3,56,70.0,60
Austin Seferian-Jenkins,8673,TE,JAX,5,0,15,64.8,100.0,24,30.0,24,73.0,0,100.0,80,80,71.6,100.0,48,60.0,48
Trent Scott,24481,T,LAC,9,0,27,77.4,100.0,43,53.8,43,69.3,0,100.0,80,80,48.1,100.0,18,22.5,18
Patrick Ricard,48862,FB,BLT,10,0,3,62.0,100.0,44,55.7,44,58.2,1,100.0,79,79,53.3,100.0,19,24.1,19
Chris Reed,9830,G,JAX,6,0,15,60.7,100.0,24,30.4,24,56.3,3,100.0,79,79,54.7,100.0,49,62.0,49
John Phillips,5132,TE,ARZ,8,0,1,59.2,100.0,36,45.6,36,59.0,0,100.0,79,79,55.9,100.0,36,45.6,36
Chukwuma Okorafor,46302,T,PIT,12,0,25,58.9,100.0,37,46.8,37,58.0,0,100.0,79,79,57.9,100.0,39,49.4,39
Jimmy Garoppolo,8697,QB,SF,3,0,28,60.0,100.0,20,25.6,20,60.0,0,96.3,78,81,60.0,100.0,55,70.5,55
Kevin Pamphile,8784,T,TEN,3,0,31,61.0,100.0,21,27.3,21,46.2,0,100.0,77,77,42.4,100.0,53,68.8,53
Daniel Kilgore,6315,C,MIA,4,0,17,76.3,100.0,10,13.3,10,52.9,1,100.0,75,75,51.6,100.0,54,72.0,54
Ben Braunecker,11335,TE,CHI,14,0,6,49.9,100.0,20,27.0,20,58.2,1,100.0,74,74,60.4,100.0,38,51.4,38
Jason Spriggs,10682,T,GB,5,0,12,52.8,100.0,17,23.3,17,63.2,0,100.0,73,73,63.3,100.0,48,65.8,48
Jake Brendel,11117,C,MIA,3,1,17,56.4,100.0,23,31.9,23,54.6,1,100.0,72,72,51.6,100.0,42,58.3,42
Ricky Ortiz,47053,FB,ATL,12,0,2,60.4,100.0,13,18.1,13,60.9,0,100.0,72,72,60.8,100.0,50,69.4,50
Tyler Conklin,47124,TE,MIN,16,0,18,50.5,100.0,19,26.4,19,51.8,0,100.0,72,72,55.2,100.0,41,56.9,41
Jeff Allen,7642,G,KC,7,0,16,55.0,100.0,23,32.4,23,50.8,0,100.0,71,71,45.3,100.0,38,53.5,38
Andre Roberts,5612,WR,NYJ,9,0,22,66.6,100.0,23,32.4,23,69.5,0,95.9,71,74,61.6,100.0,37,52.1,37
Donald Penn,3459,T,OAK,4,0,23,52.6,100.0,15,21.1,15,55.6,0,100.0,71,71,58.7,100.0,48,67.6,48
Lucas Patrick,11435,G,GB,6,0,12,53.5,100.0,16,22.5,16,45.7,0,100.0,71,71,49.2,100.0,48,67.6,48
Josh Walker,9046,T,JAX,5,0,15,63.5,100.0,14,19.7,14,49.4,1,100.0,71,71,46.6,100.0,49,69.0,49
J.J. Nelson,9592,WR,ARZ,14,0,1,65.5,100.0,31,44.3,31,65.7,0,94.6,70,74,63.0,100.0,35,50.0,35
Josh Johnson,4474,QB,WAS,4,0,32,60.0,92.1,35,50.7,38,60.0,0,88.5,69,78,60.0,88.9,32,46.4,36
Gus Edwards,46027,HB,BLT,12,0,3,55.6,33.1,49,71.0,148,55.2,0,31.2,69,221,59.5,7.4,4,5.8,54
Breshad Perriman,9459,WR,CLV,10,1,8,59.9,100.0,31,44.9,31,43.3,1,94.5,69,73,61.0,100.0,34,49.3,34
Danny Isidora,11933,G,MIN,4,0,18,79.1,100.0,22,31.9,22,65.5,0,100.0,69,69,55.5,100.0,41,59.4,41
Darius Jennings,10038,WR,TEN,15,0,31,54.3,96.4,27,39.1,28,55.1,0,98.6,69,70,60.1,100.0,34,49.3,34
Jonathan Cooper,7788,G,WAS,4,0,32,58.4,100.0,35,51.5,35,47.0,2,100.0,68,68,47.6,100.0,25,36.8,25
Ted Karras,10855,G,NE,5,0,19,64.0,100.0,30,44.1,30,72.0,0,100.0,68,68,66.8,100.0,21,30.9,21
Elijhaa Penny,11300,FB,NYG,13,0,21,60.0,95.5,21,31.3,22,63.2,1,90.5,67,74,66.5,89.5,34,50.7,38
Tyrell Crosby,38897,T,DET,7,0,11,70.1,100.0,35,52.2,35,69.4,0,100.0,67,67,65.8,100.0,30,44.8,30
Tyler Kroft,9518,TE,CIN,5,0,7,65.0,100.0,21,32.3,21,61.4,0,100.0,65,65,54.7,100.0,40,61.5,40
Josh McCown,1085,QB,NYJ,4,0,22,60.0,100.0,33,50.8,33,60.0,0,100.0,65,65,60.0,100.0,27,41.5,27
Aldrick Robinson,6330,WR,MIN,11,0,18,60.6,100.0,17,26.2,17,68.5,0,100.0,65,65,59.1,100.0,42,64.6,42
Martavis Bryant,8753,WR,OAK,8,0,23,80.2,100.0,12,18.8,12,69.3,0,95.5,64,67,61.7,100.0,49,76.6,49
Tyrod Taylor,6332,QB,CLV,4,0,8,60.0,100.0,30,46.9,30,60.0,0,91.4,64,70,60.0,87.5,28,43.8,32
Anthony Sherman,6288,FB,KC,16,0,16,63.2,100.0,24,37.5,24,64.4,0,98.5,64,65,63.5,100.0,22,34.4,22
Cameron Batson,47669,WR,TEN,9,0,31,62.6,100.0,13,20.6,13,58.9,0,100.0,63,63,58.0,100.0,42,66.7,42
Alan Cross,10931,TE,TB,14,0,30,58.9,100.0,17,27.0,17,52.8,0,100.0,63,63,53.2,100.0,34,54.0,34
Tarik Cohen,11874,HB,CHI,17,0,6,59.9,22.9,11,17.5,48,61.0,0,38.0,63,166,62.7,40.4,38,60.3,94
Richie James,28991,WR,SF,10,0,28,59.4,100.0,18,28.6,18,55.9,0,100.0,63,63,60.3,100.0,32,50.8,32
Jeremy Vujnovich,8928,G,ARZ,3,0,1,76.4,100.0,29,46.8,29,65.4,1,100.0,62,62,49.4,100.0,24,38.7,24
Geronimo Allison,11141,WR,GB,5,0,12,55.3,100.0,16,25.8,16,42.3,0,100.0,62,62,60.9,100.0,46,74.2,46
Brent Qvale,8921,T,NYJ,4,0,22,34.3,100.0,25,40.3,25,38.4,2,100.0,62,62,50.1,100.0,31,50.0,31
C.J. Ham,11347,FB,MIN,14,0,18,58.4,95.2,20,32.3,21,48.8,0,91.2,62,68,44.2,96.7,29,46.8,30
KhaDarel Hodge,26104,WR,LA,12,0,26,62.6,100.0,11,18.0,11,57.9,0,100.0,61,61,56.2,100.0,36,59.0,36
Derrick Coleman,7377,FB,ARZ,15,0,1,70.7,100.0,24,39.3,24,66.1,0,96.8,61,63,59.1,100.0,28,45.9,28
Marvin Hall,11440,WR,ATL,16,1,2,61.4,100.0,16,26.2,16,52.5,1,96.8,61,63,51.3,100.0,42,68.9,42
Jeremiah Sirles,9305,G,BUF,9,0,4,58.3,100.0,26,43.3,26,62.2,0,100.0,60,60,60.7,100.0,20,33.3,20
Vyncint Smith,66957,WR,HST,6,0,13,61.5,100.0,22,36.7,22,68.4,0,100.0,60,60,89.9,100.0,34,56.7,34
Cody Latimer,8691,WR,NYG,6,0,21,73.9,100.0,22,36.7,22,69.4,1,100.0,60,60,58.8,100.0,32,53.3,32
Michael Roberts,11882,TE,DET,8,0,11,49.4,100.0,28,48.3,28,52.8,0,100.0,58,58,59.9,100.0,24,41.4,24
Josh LeRibeus,7073,G,NO,4,0,20,56.5,100.0,20,34.5,20,53.7,0,100.0,58,58,53.6,100.0,30,51.7,30
Will Holden,11912,T,ARZ,4,0,1,55.3,100.0,28,48.3,28,50.4,0,100.0,58,58,49.1,100.0,26,44.8,26
Trent Taylor,11932,WR,SF,14,0,28,66.4,100.0,18,31.0,18,67.3,0,100.0,58,58,57.2,100.0,34,58.6,34
Dan Arnold,51842,TE,NO,11,0,20,52.8,100.0,18,31.6,18,55.2,0,100.0,57,57,58.7,100.0,27,47.4,27
Ted Ginn Jr.,3625,WR,NO,7,0,20,56.6,100.0,19,33.3,19,69.2,0,95.0,57,60,76.8,100.0,37,64.9,37
Ezekiel Elliott,10638,HB,DAL,17,0,9,66.8,2.6,5,8.8,189,70.7,0,13.6,57,420,60.7,10.1,19,33.3,188
Brian Parker,10135,TE,DEN,10,0,10,76.4,100.0,18,31.6,18,80.0,2,100.0,57,57,76.5,100.0,28,49.1,28
Isaiah McKenzie,11927,WR,BUF,8,0,4,57.9,100.0,15,26.8,15,57.4,0,84.8,56,66,58.1,100.0,31,55.4,31
Corey Coleman,10649,WR,NYG,7,0,21,63.3,100.0,16,28.6,16,64.8,0,98.2,56,57,64.1,100.0,39,69.6,39
Darrell Daniels,12122,TE,ARZ,7,0,1,59.5,100.0,26,47.3,26,52.8,0,100.0,55,55,48.8,100.0,20,36.4,20
Kenyan Drake,10707,HB,MIA,16,0,17,56.4,23.3,10,18.2,43,57.7,0,31.1,55,177,61.0,25.4,29,52.7,114
Tyler Marz,11329,T,TEN,3,0,31,52.5,100.0,14,25.5,14,58.6,0,100.0,55,55,64.9,100.0,34,61.8,34
Corey Levin,11972,G,TEN,8,0,31,55.0,100.0,14,25.5,14,58.5,1,100.0,55,55,60.4,100.0,34,61.8,34
Joe Noteboom,46249,T,LA,5,0,26,59.1,100.0,12,22.2,12,62.7,0,100.0,54,54,62.9,100.0,30,55.6,30
Dakota Dozier,8772,G,NYJ,5,0,22,63.4,100.0,31,57.4,31,53.1,1,100.0,54,54,43.3,100.0,19,35.2,19
Gabe Holmes,9980,TE,ARZ,7,1,1,57.7,100.0,22,41.5,22,56.7,1,100.0,53,53,60.4,100.0,23,43.4,23
Jordan Devey,8268,C,KC,5,0,16,61.7,100.0,22,41.5,22,53.0,0,100.0,53,53,66.1,100.0,26,49.1,26
Brett Jones,10247,C,MIN,4,0,18,58.5,100.0,10,18.9,10,46.5,0,100.0,53,53,41.6,100.0,40,75.5,40
Will Dissly,30762,TE,SEA,4,0,29,38.7,100.0,18,34.6,18,50.2,0,100.0,52,52,66.5,100.0,32,61.5,32
Joey Hunt,10849,C,SEA,6,0,29,62.6,100.0,16,30.8,16,58.0,1,100.0,52,52,55.9,100.0,30,57.7,30
A.J. Derby,9635,TE,MIA,4,0,17,61.7,100.0,11,21.2,11,53.3,0,100.0,52,52,62.1,100.0,34,65.4,34
Tre Madden,11286,FB,SEA,14,0,29,79.2,100.0,18,34.6,18,74.8,0,94.5,52,55,64.0,100.0,22,42.3,22
Neal Sterling,9653,TE,NYJ,5,0,22,41.8,100.0,16,30.8,16,50.2,0,100.0,52,52,58.3,100.0,26,50.0,26
Will Clapp,39386,G,NO,3,0,20,61.6,100.0,28,54.9,28,63.6,0,100.0,51,51,64.8,100.0,17,33.3,17
Jordan Howard,10784,HB,CHI,17,0,6,78.4,9.4,9,18.0,96,80.7,0,15.7,50,319,58.6,8.6,17,34.0,197
Russell Shepard,8254,WR,NYG,10,0,21,76.5,100.0,10,20.4,10,57.5,0,100.0,49,49,70.2,100.0,32,65.3,32
Geremy Davis,9619,WR,LAC,11,0,27,59.3,100.0,16,32.7,16,58.1,0,100.0,49,49,59.9,100.0,13,26.5,13
Damion Ratley,48182,WR,CLV,10,0,8,60.2,100.0,12,25.0,12,60.0,1,100.0,48,48,59.3,100.0,22,45.8,22
Leonard Wester,10944,T,TB,6,0,30,52.3,100.0,17,36.2,17,47.7,0,100.0,47,47,48.5,100.0,25,53.2,25
Todd Gurley II,9443,HB,LA,17,0,26,59.2,5.4,4,8.5,74,59.4,0,13.8,47,340,60.0,0.4,1,2.1,223
Rishard Matthews,7211,WR,NYJ,6,0,22,60.4,100.0,13,28.3,13,79.2,0,100.0,46,46,61.5,100.0,27,58.7,27
B.J. Finney,9875,G,PIT,6,0,25,49.5,100.0,20,43.5,20,55.8,0,100.0,46,46,58.4,100.0,18,39.1,18
Kamar Aiken,6671,WR,PHI,4,0,24,64.3,100.0,11,24.4,11,71.6,2,100.0,45,45,59.3,100.0,28,62.2,28
Matt Barkley,7880,QB,BUF,1,0,4,60.0,100.0,7,15.9,7,60.0,0,93.6,44,47,60.0,100.0,30,68.2,30
Seth DeValve,10772,TE,CLV,11,0,8,58.0,100.0,18,41.9,18,58.7,1,100.0,43,43,53.1,100.0,17,39.5,17
Brice Butler,7991,WR,MIA,6,0,17,60.1,100.0,7,16.3,7,46.4,0,100.0,43,43,63.0,100.0,33,76.7,33
Mark Ingram II,6180,HB,NO,14,0,20,60.0,2.6,2,4.7,76,61.1,0,21.4,43,201,60.0,1.2,1,2.3,81
Evan Smith,5390,G,TB,7,0,30,66.5,100.0,6,14.3,6,51.8,2,100.0,42,42,44.2,100.0,27,64.3,27
Tavon Austin,7789,WR,DAL,9,0,9,66.9,100.0,21,50.0,21,65.3,0,85.7,42,49,60.9,100.0,18,42.9,18
Johnny Mundt,12206,TE,LA,9,0,26,76.6,100.0,6,14.3,6,70.4,0,100.0,42,42,62.4,100.0,17,40.5,17
Sam Young,5702,T,MIA,4,0,17,50.9,100.0,13,31.0,13,46.0,0,100.0,42,42,47.3,100.0,26,61.9,26
Sam Bradford,5526,QB,ARZ,3,0,1,60.0,100.0,20,47.6,20,60.0,0,97.7,42,43,60.0,100.0,17,40.5,17
Anthony Firkser,51837,TE,TEN,8,0,31,58.9,100.0,12,29.3,12,55.0,0,100.0,41,41,54.1,100.0,24,58.5,24
Rashad Greene Sr.,9572,WR,JAX,7,0,15,61.7,100.0,12,29.3,12,46.8,0,100.0,41,41,61.9,100.0,24,58.5,24
Deontay Burnett,47477,WR,NYJ,5,0,22,71.0,100.0,13,32.5,13,62.9,0,100.0,40,40,55.8,100.0,22,55.0,22
Justin Watson,66915,WR,TB,12,0,30,81.7,100.0,16,40.0,16,75.1,0,100.0,40,40,61.3,100.0,20,50.0,20
Nathan Peterman,11926,QB,BUF,3,0,4,60.0,100.0,22,55.0,22,60.0,0,95.2,40,42,60.0,100.0,13,32.5,13
Melvin Gordon III,9448,HB,LAC,14,0,27,60.0,2.1,3,7.5,144,64.5,0,15.9,40,252,60.0,1.6,1,2.5,64
Derek Anderson,2430,QB,BUF,2,0,4,60.9,100.0,20,50.0,20,61.6,0,97.6,40,41,60.2,100.0,15,37.5,15
Joe Dahl,10785,G,DET,7,0,11,75.4,100.0,22,56.4,22,67.3,0,100.0,39,39,53.7,100.0,17,43.6,17
Erik Magnuson,12280,C,SF,4,0,28,55.2,100.0,6,15.4,6,57.1,0,100.0,39,39,59.4,100.0,29,74.4,29
Ray-Ray McCloud III,47895,WR,BUF,9,0,4,58.9,90.9,10,25.6,11,70.3,0,95.1,39,41,60.3,100.0,26,66.7,26
Chase Daniel,5214,QB,CHI,4,0,6,60.0,90.0,18,46.2,20,60.0,0,78.0,39,50,60.0,87.0,20,51.3,23
Joshua Perkins,11051,TE,PHI,7,0,24,70.3,100.0,11,28.9,11,87.1,0,100.0,38,38,88.9,100.0,22,57.9,22
Matt Flanagan,47298,TE,WAS,3,0,32,62.4,100.0,17,44.7,17,68.3,0,100.0,38,38,64.0,100.0,20,52.6,20
Jon Halapio,8814,C,NYG,2,0,21,62.7,100.0,8,21.1,8,70.3,0,100.0,38,38,64.7,100.0,27,71.1,27
Jake Butt,11900,TE,DEN,3,0,10,55.5,100.0,17,45.9,17,58.6,0,100.0,37,37,63.2,100.0,18,48.6,18
Christian Westerman,10795,G,CIN,3,0,7,82.8,100.0,6,16.7,6,84.1,0,100.0,36,36,76.8,100.0,28,77.8,28
Cameron Meredith,10008,WR,NO,6,0,20,51.1,100.0,14,38.9,14,61.4,0,100.0,36,36,54.4,100.0,20,55.6,20
Michael Burton,9601,FB,CHI,8,0,6,82.3,100.0,14,38.9,14,74.9,0,100.0,36,36,56.6,100.0,12,33.3,12
Charone Peake,10875,WR,NYJ,10,0,22,60.3,100.0,11,30.6,11,57.7,0,100.0,36,36,61.6,100.0,17,47.2,17
Tyler Ervin,10753,HB,HST,3,0,13,61.0,100.0,8,22.9,8,44.7,0,100.0,35,35,61.9,100.0,25,71.4,25
Bradley Sowell,7693,T,CHI,11,0,6,57.1,100.0,11,31.4,11,53.7,0,100.0,35,35,64.0,100.0,16,45.7,16
Ryan Switzer,11888,WR,PIT,14,0,25,81.5,88.0,22,62.9,25,53.8,0,83.3,35,42,61.1,66.7,8,22.9,12
Justin Hunter,7815,WR,PIT,5,0,25,68.8,100.0,21,60.0,21,55.3,0,100.0,35,35,61.4,100.0,7,20.0,7
James White,8765,HB,NE,19,0,19,60.4,5.6,4,11.4,72,58.8,0,25.4,35,138,59.7,3.2,1,2.9,31
Jerome Cunningham,9400,TE,DET,3,0,11,61.4,100.0,17,50.0,17,64.3,0,100.0,34,34,66.2,100.0,15,44.1,15
Zach Sterup,11346,T,MIA,2,0,17,50.1,100.0,15,44.1,15,49.9,0,100.0,34,34,53.9,100.0,16,47.1,16
Teddy Bridgewater,8667,QB,NO,5,0,20,60.2,100.0,17,50.0,17,60.9,0,81.0,34,42,60.7,100.0,15,44.1,15
Darrius Heyward-Bey,4930,WR,PIT,12,0,25,61.3,100.0,10,29.4,10,76.5,0,97.1,34,35,62.0,100.0,13,38.2,13
Tommylee Lewis,11231,WR,NO,7,0,20,58.7,92.3,12,36.4,13,57.5,0,94.3,33,35,58.1,100.0,16,48.5,16
Trenton Cannon,66446,HB,NYJ,12,0,22,58.1,47.1,8,24.2,17,56.7,0,45.8,33,72,60.6,36.1,13,39.4,36
Alfred Blue,8816,HB,HST,17,0,13,59.7,3.8,2,6.1,52,69.7,0,17.7,33,186,59.1,10.7,12,36.4,112
Scott Quessenberry,23918,C,LAC,3,0,27,54.4,100.0,14,42.4,14,56.9,0,100.0,33,33,60.2,100.0,11,33.3,11
Brian Quick,7037,WR,WAS,5,0,32,85.8,100.0,17,53.1,17,71.5,0,100.0,32,32,59.4,100.0,14,43.8,14
Dion Lewis,6301,HB,TEN,16,0,31,58.7,8.9,4,12.5,45,57.6,0,16.6,32,193,59.1,10.2,13,40.6,127
Jermaine Eluemunor,11914,T,BLT,5,0,3,68.9,100.0,13,41.9,13,60.1,0,100.0,31,31,53.0,100.0,13,41.9,13
Niles Paul,6307,TE,JAX,6,0,15,54.1,100.0,9,29.0,9,59.5,0,96.9,31,32,62.5,100.0,19,61.3,19
Ty Montgomery,9527,HB,BLT,14,0,3,53.1,51.4,18,58.1,35,64.6,0,43.1,31,72,58.7,25.8,8,25.8,31
Alex Collins,10805,HB,BLT,10,0,3,51.2,13.9,10,32.3,72,52.2,0,21.1,31,147,60.0,3.9,2,6.5,51
Garry Gilliam,9137,T,SF,6,0,28,47.8,100.0,9,29.0,9,62.2,0,100.0,31,31,63.8,100.0,13,41.9,13
Kareem Hunt,11841,HB,KC,11,0,16,,0.0,0,0.0,67,53.7,1,14.6,31,213,58.9,10.6,13,41.9,123
Alex Cappa,66578,G,TB,6,0,30,61.5,100.0,12,38.7,12,56.9,0,100.0,31,31,53.9,100.0,12,38.7,12
Austin Ekeler,12164,HB,LAC,15,0,27,52.8,16.9,13,41.9,77,64.4,0,20.5,31,151,60.0,5.1,2,6.5,39
Joshua Garnett,10662,G,SF,4,0,28,45.7,100.0,7,23.3,7,59.7,0,100.0,30,30,60.1,100.0,15,50.0,15
Brandon Powell,48036,WR,DET,4,0,11,59.1,100.0,9,30.0,9,44.7,0,96.8,30,31,62.4,100.0,21,70.0,21
Trey Quinn,38276,WR,WAS,3,0,32,55.4,100.0,14,46.7,14,51.6,0,96.8,30,31,61.8,100.0,12,40.0,12
Mike Wallace,5007,WR,PHI,2,0,24,58.1,100.0,17,58.6,17,58.4,0,100.0,29,29,60.6,100.0,10,34.5,10
Malik Turner,48078,WR,SEA,6,0,29,81.7,100.0,8,27.6,8,54.4,0,100.0,29,29,61.8,100.0,14,48.3,14
LeSean McCoy,4976,HB,BUF,14,0,4,60.0,1.5,1,3.4,65,57.1,1,14.8,29,196,58.3,10.5,11,37.9,105
Brian Allen,46104,C,LA,3,0,26,57.5,100.0,9,32.1,9,77.5,0,100.0,28,28,77.6,100.0,15,53.6,15
Cam Robinson,11789,T,JAX,2,0,15,72.6,100.0,12,42.9,12,81.2,0,100.0,28,28,79.1,100.0,14,50.0,14
Kyle Allen,26152,QB,CAR,2,0,5,60.0,100.0,13,46.4,13,60.0,0,93.3,28,30,60.0,93.3,14,50.0,15
Josh Sitton,4449,G,MIA,1,0,17,64.9,100.0,5,17.9,5,64.4,0,100.0,28,28,62.3,100.0,20,71.4,20
Russell Gage,44771,WR,ATL,7,0,2,86.1,100.0,8,28.6,8,73.8,1,100.0,28,28,59.2,100.0,17,60.7,17
Marcus Johnson,11074,WR,IND,5,0,14,62.4,100.0,12,44.4,12,63.8,0,96.4,27,28,62.3,100.0,13,48.1,13
Khari Lee,10018,TE,BUF,2,0,4,63.9,100.0,11,40.7,11,60.1,0,100.0,27,27,56.6,100.0,14,51.9,14
Victor Bolden Jr.,12269,WR,BUF,3,0,4,58.8,100.0,4,14.8,4,58.3,1,100.0,27,27,58.8,100.0,23,85.2,23
Garrett Griffin,11439,TE,NO,2,0,20,61.6,100.0,12,44.4,12,56.4,0,100.0,27,27,52.0,100.0,12,44.4,12
Tyler Eifert,7802,TE,CIN,4,0,7,71.1,100.0,8,29.6,8,66.7,0,100.0,27,27,60.0,100.0,19,70.4,19
David Grinnage,11148,TE,JAX,4,0,15,51.8,100.0,9,33.3,9,48.5,0,100.0,27,27,50.8,100.0,15,55.6,15
Richard Rodgers,8733,TE,PHI,8,0,24,55.5,100.0,6,22.2,6,66.3,1,100.0,27,27,68.9,100.0,12,44.4,12
Mike Davis,9559,HB,SEA,15,0,29,,0.0,0,0.0,41,71.2,0,17.6,27,153,59.6,10.5,10,37.0,95
Adam Redmond,10915,G,DAL,4,0,9,52.4,100.0,10,38.5,10,57.5,0,100.0,26,26,56.5,100.0,11,42.3,11
Sean Mannion,9522,QB,LA,3,0,26,60.0,100.0,8,30.8,8,60.0,0,78.8,26,33,60.0,100.0,18,69.2,18
Kenneth Dixon,10768,HB,BLT,7,0,3,60.0,14.0,6,23.1,43,55.8,0,28.3,26,92,59.6,12.1,4,15.4,33
Duke Johnson Jr.,9510,HB,CLV,16,0,8,56.5,24.0,6,23.1,25,66.9,0,36.6,26,71,57.7,34.6,9,34.6,26
Marlon Mack,11898,HB,IND,14,0,14,,0.0,0,0.0,152,46.6,0,9.9,26,263,,0.0,0,0.0,84
Adrian Peterson,3623,HB,WAS,16,0,32,59.8,1.3,2,7.7,152,59.8,0,9.0,26,288,60.1,6.8,8,30.8,118
Jacob Hollister,12051,TE,NE,6,0,19,57.2,100.0,10,38.5,10,57.8,0,100.0,26,26,51.3,100.0,5,19.2,5
Michael Ola,9032,G,NO,4,0,20,57.3,100.0,14,53.8,14,55.2,0,100.0,26,26,55.1,100.0,10,38.5,10
Ike Boettger,46918,G,BUF,4,0,4,56.9,100.0,8,30.8,8,49.8,0,100.0,26,26,48.8,100.0,11,42.3,11
Dwayne Harris,6328,WR,OAK,9,0,23,60.0,100.0,4,16.0,4,61.4,0,92.6,25,27,61.5,100.0,19,76.0,19
Jake Kumerow,9883,WR,GB,5,0,12,60.0,100.0,1,4.0,1,59.5,0,100.0,25,25,59.7,100.0,21,84.0,21
Daniel Munyer,10174,G,ARZ,3,0,1,45.8,100.0,7,28.0,7,41.2,0,100.0,25,25,45.3,100.0,16,64.0,16
Zac Kerin,8960,G,WAS,2,0,32,53.2,100.0,13,52.0,13,50.6,0,100.0,25,25,52.9,100.0,11,44.0,11
Daryl Williams,9535,T,CAR,1,0,5,81.7,100.0,12,48.0,12,80.6,0,100.0,25,25,70.6,100.0,10,40.0,10
Colt McCoy,5609,QB,WAS,3,0,32,60.0,100.0,13,52.0,13,60.0,0,89.3,25,28,60.0,90.0,9,36.0,10
T.J. Clemmings,9543,T,OAK,1,0,23,61.1,100.0,4,16.7,4,46.4,0,100.0,24,24,43.7,100.0,17,70.8,17
Eli Rogers,9878,WR,PIT,3,0,25,61.7,100.0,11,45.8,11,63.1,0,96.0,24,25,63.0,100.0,12,50.0,12
David Johnson,9519,HB,ARZ,16,0,1,60.0,0.8,1,4.2,122,59.4,0,8.4,24,286,60.6,3.1,4,16.7,127
Javorius Allen,9558,HB,BLT,12,0,3,49.1,33.3,11,45.8,33,58.5,1,36.9,24,65,60.0,7.1,1,4.2,14
Derrick Henry,10679,HB,TEN,16,0,31,59.2,4.6,3,12.5,65,59.2,0,9.6,24,249,60.2,4.1,7,29.2,169
Damiere Byrd,9964,WR,CAR,6,0,5,58.0,100.0,7,29.2,7,59.7,0,100.0,24,24,61.1,100.0,8,33.3,8
Cornelius Lucas,9025,T,NO,1,0,20,54.1,100.0,13,54.2,13,61.6,0,100.0,24,24,70.5,100.0,8,33.3,8
Andy Levitre,4974,G,ATL,2,0,2,54.0,100.0,7,29.2,7,69.3,0,100.0,24,24,68.9,100.0,16,66.7,16
Jawill Davis,22489,WR,NYG,4,0,21,60.0,100.0,2,8.7,2,62.5,0,100.0,23,23,62.1,100.0,18,78.3,18
Chris Carson,12004,HB,SEA,15,0,29,,0.0,0,0.0,83,60.0,0,7.8,23,294,60.0,3.7,7,30.4,189
Gehrig Dieter,12163,WR,KC,4,0,16,59.6,100.0,2,8.7,2,60.2,0,100.0,23,23,60.5,100.0,17,73.9,17
Chris Lacy,29726,WR,DET,1,0,11,62.4,100.0,10,43.5,10,62.3,0,100.0,23,23,61.5,100.0,11,47.8,11
Daniel Brown,10144,TE,CHI,9,0,6,54.5,100.0,3,13.6,3,49.4,0,100.0,22,22,48.6,100.0,4,18.2,4
Matthew Slater,4467,WR,NE,9,0,19,59.9,100.0,1,4.5,1,60.6,0,100.0,22,22,59.4,100.0,1,4.5,1
Derek Newton,6366,T,NO,1,0,20,63.5,100.0,12,54.5,12,59.0,0,100.0,22,22,57.1,100.0,7,31.8,7
J'Marcus Webb,5741,T,IND,1,0,14,59.6,100.0,11,50.0,11,50.6,0,100.0,22,22,46.2,100.0,10,45.5,10
Mark Sanchez,4928,QB,WAS,2,0,32,60.0,100.0,12,54.5,12,60.0,0,100.0,22,22,60.0,100.0,7,31.8,7
Ross Dwelley,20994,TE,SF,5,0,28,57.4,100.0,5,22.7,5,53.6,0,100.0,22,22,55.5,100.0,6,27.3,6
C.J. Anderson,8101,HB,LA,14,0,26,59.3,7.3,3,13.6,41,67.3,0,16.2,22,136,59.9,5.0,4,18.2,80
Elijah McGuire,11943,HB,NYJ,8,0,22,60.0,2.3,1,4.5,44,58.3,0,18.8,22,117,60.1,12.3,7,31.8,57
Mose Frazier,11015,WR,CAR,1,0,5,58.7,100.0,8,36.4,8,60.0,0,100.0,22,22,61.4,100.0,13,59.1,13
Josh Malone,11883,WR,CIN,9,0,7,55.2,100.0,7,31.8,7,58.6,0,100.0,22,22,62.2,100.0,14,63.6,14
Jalen Tolliver,66933,WR,ARZ,3,0,1,60.9,100.0,7,33.3,7,61.4,0,100.0,21,21,61.7,100.0,8,38.1,8
Latavius Murray,7962,HB,MIN,16,0,18,,0.0,0,0.0,47,58.6,0,12.7,21,166,,0.0,0,0.0,98
Sony Michel,27589,HB,NE,16,0,19,,0.0,0,0.0,182,69.5,0,6.6,21,316,,0.0,0,0.0,91
Kyle Fuller,11998,G,WAS,2,0,32,40.6,100.0,12,57.1,12,47.5,0,100.0,21,21,62.1,100.0,8,38.1,8
Taylor Heinicke,9896,QB,CAR,3,0,5,60.0,93.8,15,71.4,16,60.0,0,84.0,21,25,60.0,100.0,3,14.3,3
Marcus Kemp,12137,WR,KC,5,0,16,58.1,100.0,8,38.1,8,57.1,0,100.0,21,21,57.9,100.0,13,61.9,13
Erik Swoope,9303,TE,IND,7,0,14,51.2,100.0,12,57.1,12,51.3,0,100.0,21,21,57.4,100.0,5,23.8,5
Jake Fisher,9486,T,CIN,9,0,7,54.7,100.0,8,38.1,8,56.2,0,100.0,21,21,58.9,100.0,13,61.9,13
Hroniss Grasu,9504,G,MIA,2,0,17,55.6,100.0,9,45.0,9,47.7,0,100.0,20,20,46.5,100.0,9,45.0,9
Bobo Wilson,12067,WR,TB,5,0,30,53.1,100.0,4,20.0,4,56.4,0,100.0,20,20,60.6,100.0,15,75.0,15
Shelton Gibson,11921,WR,PHI,5,0,24,57.8,100.0,1,5.0,1,55.8,0,100.0,20,20,61.4,100.0,16,80.0,16
Lamar Miller,7097,HB,HST,15,0,13,69.2,4.9,3,15.0,61,64.5,0,8.3,20,241,61.3,8.4,14,70.0,167
Terrance Williams,7855,WR,DAL,3,0,9,68.1,100.0,10,52.6,10,64.9,0,100.0,19,19,58.7,100.0,9,47.4,9
Phillip Lindsay,12660,HB,DEN,15,0,10,,0.0,0,0.0,93,70.7,0,8.8,19,217,60.0,4.1,4,21.1,97
J'Mon Moore,48316,WR,GB,6,0,12,60.4,100.0,5,26.3,5,56.2,0,100.0,19,19,54.9,100.0,11,57.9,11
Auden Tate,48192,WR,CIN,4,0,7,60.4,100.0,5,26.3,5,30.6,0,100.0,19,19,58.3,100.0,11,57.9,11
Matt Breida,12271,HB,SF,14,0,28,60.0,2.6,1,5.3,39,56.3,0,10.9,19,174,60.1,5.0,6,31.6,121
Nyheim Hines,48103,HB,IND,18,0,14,55.3,14.0,8,44.4,57,54.7,0,16.1,18,112,58.4,11.9,5,27.8,42
Saquon Barkley,45791,HB,NYG,16,0,21,,0.0,0,0.0,81,56.1,0,6.2,18,291,,0.0,0,0.0,185
Theo Riddick,7980,HB,DET,13,0,11,59.8,19.2,5,27.8,26,40.6,0,31.0,18,58,60.9,43.3,13,72.2,30
Javon Wims,41406,WR,CHI,3,0,6,60.0,100.0,4,22.2,4,60.9,0,100.0,18,18,60.3,100.0,10,55.6,10
Austin Howard,5847,G,WAS,3,0,32,48.3,100.0,11,61.1,11,37.0,1,100.0,18,18,49.7,100.0,5,27.8,5
Chris Ivory,6007,HB,BUF,13,0,4,60.0,1.6,1,5.6,61,56.3,0,13.2,18,136,58.6,6.9,4,22.2,58
Janarion Grant,47561,WR,BLT,1,0,3,60.4,100.0,5,27.8,5,61.2,0,100.0,18,18,61.9,100.0,11,61.1,11
Geno Smith,7820,QB,LAC,5,0,27,60.0,100.0,9,50.0,9,60.0,0,72.0,18,25,60.0,100.0,8,44.4,8
Jalen Richard,11395,HB,OAK,16,0,23,,0.0,0,0.0,14,42.1,0,23.4,18,77,60.2,10.9,5,27.8,46
Joe Mixon,11803,HB,CIN,14,0,7,,0.0,0,0.0,76,60.7,0,6.6,17,259,60.0,2.5,4,23.5,162
Peyton Barber,10927,HB,TB,16,0,30,,0.0,0,0.0,102,60.0,0,6.4,17,265,59.9,2.9,4,23.5,138
Amini Silatolu,7044,T,CAR,4,0,5,37.0,100.0,6,35.3,6,27.0,0,100.0,17,17,60.0,100.0,1,5.9,1
Robert Tonyan,12193,TE,GB,8,0,12,59.7,100.0,3,17.6,3,77.1,0,100.0,17,17,60.1,100.0,11,64.7,11
Marcus Williams,11797,S,NO,9,0,20,,,0,0.0,0,60.0,0,100.0,17,17,,,0,0.0,0
Dalvin Cook,11796,HB,MIN,11,0,18,59.7,4.3,2,11.8,47,57.8,0,11.0,17,154,,0.0,0,0.0,87
Malcolm Brown,9902,HB,LA,10,0,26,,0.0,0,0.0,9,72.9,0,27.1,16,59,,0.0,0,0.0,34
Chaz Green,9524,G,OAK,1,0,23,58.8,100.0,2,12.5,2,49.6,0,100.0,16,16,49.5,100.0,12,75.0,12
Nick Williams,8005,WR,LA,3,0,26,58.5,100.0,3,18.8,3,57.8,0,100.0,16,16,58.3,100.0,10,62.5,10
Dontrell Hilliard,45691,HB,CLV,6,0,8,,,0,0.0,0,55.4,0,100.0,16,16,53.7,100.0,5,31.3,5
Jordan Wilkins,26618,HB,IND,12,0,14,,0.0,0,0.0,34,60.4,0,18.1,15,83,,0.0,0,0.0,32
Leonte Carroo,10720,WR,MIA,3,0,17,60.1,100.0,2,13.3,2,61.6,0,93.8,15,16,61.1,100.0,10,66.7,10
Ito Smith,45932,HB,ATL,13,1,2,60.0,3.6,1,6.7,28,58.5,1,13.8,15,109,59.9,7.2,5,33.3,69
Sammie Coates,9520,WR,HST,5,0,13,53.4,100.0,5,33.3,5,29.8,0,100.0,15,15,59.5,100.0,5,33.3,5
Mason Schreck,12007,TE,CIN,3,0,7,60.2,100.0,3,21.4,3,59.4,0,100.0,14,14,58.7,100.0,9,64.3,9
Brian Hoyer,5277,QB,NE,5,0,19,60.0,100.0,7,50.0,7,60.0,0,56.0,14,25,60.0,100.0,5,35.7,5
Forrest Lamp,11793,G,LAC,2,0,27,56.3,100.0,3,21.4,3,52.9,0,100.0,14,14,55.0,100.0,6,42.9,6
Spencer Ware,7975,HB,KC,11,0,16,,0.0,0,0.0,17,60.4,0,21.2,14,66,60.0,10.8,4,28.6,37
LeGarrette Blount,5863,HB,DET,16,0,11,,0.0,0,0.0,78,60.2,0,8.1,14,173,,0.0,0,0.0,80
Corey Robinson,9673,T,JAX,3,0,15,46.0,100.0,5,35.7,5,44.1,0,100.0,14,14,51.4,100.0,7,50.0,7
Joshua Dobbs,11890,QB,PIT,4,0,25,60.0,100.0,8,57.1,8,60.0,0,87.5,14,16,60.0,100.0,6,42.9,6
Brian Mihalik,9670,T,NYG,4,0,21,49.9,100.0,7,53.8,7,57.8,0,100.0,13,13,68.3,100.0,5,38.5,5
Wendell Smallwood,10787,HB,PHI,17,0,24,,0.0,0,0.0,30,58.2,0,10.7,13,122,,0.0,0,0.0,77
Frank Gore,2282,HB,MIA,14,0,17,60.0,3.8,2,15.4,52,69.9,0,7.6,13,171,59.0,6.3,7,53.8,112
Tevin Coleman,9506,HB,ATL,16,0,2,,0.0,0,0.0,43,59.0,0,7.1,13,183,60.0,3.2,4,30.8,124
Taquan Mizzell Sr.,45675,HB,CHI,10,0,6,60.0,50.0,2,15.4,4,38.2,0,56.5,13,23,59.9,56.3,9,69.2,16
Justin Murray,11022,G,OAK,1,0,23,57.6,100.0,3,23.1,3,65.5,0,100.0,13,13,71.1,100.0,9,69.2,9
Freddie Martino,9292,WR,TB,3,0,30,60.0,100.0,3,23.1,3,62.3,0,100.0,13,13,60.2,100.0,3,23.1,3
Rex Burkhead,7971,HB,NE,10,0,19,60.0,2.2,1,7.7,45,71.8,0,13.8,13,94,,0.0,0,0.0,36
Ian Silberman,9623,T,OAK,1,0,23,59.1,100.0,2,15.4,2,63.7,0,100.0,13,13,65.1,100.0,10,76.9,10
Kyle Lauletta,46452,QB,NYG,2,0,21,60.0,100.0,1,7.7,1,60.1,0,92.9,13,14,60.0,100.0,12,92.3,12
Cedric Ogbuehi,9454,T,CIN,1,0,7,56.9,100.0,4,30.8,4,70.0,0,100.0,13,13,65.5,100.0,5,38.5,5
Carlos Hyde,8692,HB,JAX,13,0,15,,0.0,0,0.0,80,60.6,0,6.4,12,188,60.0,5.2,5,41.7,97
Justin Jackson,29539,HB,LAC,10,0,27,60.0,7.7,2,16.7,26,59.6,0,18.5,12,65,,0.0,0,0.0,27
Joe Webb III,5722,WR,HST,2,0,13,60.0,100.0,3,25.0,3,61.8,0,100.0,12,12,61.1,100.0,9,75.0,9
James Conner,11860,HB,PIT,13,0,25,60.0,0.7,1,8.3,134,71.0,0,5.1,12,234,,0.0,0,0.0,73
Jeremy Kerley,6305,WR,BUF,1,0,4,60.7,100.0,5,41.7,5,59.9,0,100.0,12,12,59.5,100.0,3,25.0,3
Delanie Walker,3120,TE,TEN,1,0,31,60.4,100.0,4,33.3,4,57.5,1,100.0,12,12,57.8,100.0,6,50.0,6
David Sharpe,11884,T,OAK,3,0,23,46.1,100.0,4,33.3,4,63.3,0,100.0,12,12,76.8,100.0,8,66.7,8
Chris Thompson,7936,HB,WAS,10,0,32,60.0,13.6,3,25.0,22,75.7,0,21.4,12,56,60.0,19.0,4,33.3,21
Josh Andrews,9068,G,IND,2,0,14,53.2,100.0,3,25.0,3,54.2,0,100.0,12,12,61.6,100.0,6,50.0,6
Jamaal Williams,11889,HB,GB,16,0,12,,0.0,0,0.0,31,59.6,0,8.8,12,136,60.0,4.3,4,33.3,93
Tyrone Swoopes,12267,TE,SEA,1,0,29,69.2,100.0,5,45.5,5,66.8,0,100.0,11,11,60.2,100.0,5,45.5,5
Ryan Anderson,11804,ED,WAS,8,0,32,55.6,100.0,9,81.8,9,55.2,0,100.0,11,11,,,0,0.0,0
DeShone Kizer,11807,QB,GB,3,0,12,60.0,100.0,4,36.4,4,60.0,0,91.7,11,12,60.0,100.0,6,54.5,6
Rod Smith,9996,HB,DAL,14,0,9,,0.0,0,0.0,19,56.5,0,19.6,11,56,58.8,11.1,3,27.3,27
Austin Corbett,46290,T,CLV,6,0,8,54.7,100.0,10,90.9,10,55.0,0,100.0,11,11,60.0,100.0,1,9.1,1
Giovani Bernard,7818,HB,CIN,12,0,7,60.0,10.0,2,18.2,20,60.7,0,15.7,11,70,60.0,9.5,4,36.4,42
Robert Griffin III,7008,QB,BLT,2,0,3,60.0,100.0,7,63.6,7,60.0,0,100.0,11,11,60.0,100.0,2,18.2,2
Keenan Reynolds,10816,WR,SEA,2,0,29,60.0,100.0,1,9.1,1,61.4,0,100.0,11,11,61.2,100.0,8,72.7,8
Wesley Johnson,8808,G,MIA,2,0,17,52.0,100.0,3,27.3,3,42.8,0,100.0,11,11,47.2,100.0,8,72.7,8
Conor McDermott,11966,T,BUF,2,0,4,59.5,100.0,6,54.5,6,67.0,0,100.0,11,11,69.4,100.0,3,27.3,3
T.J. Yeldon,9469,HB,JAX,14,0,15,,0.0,0,0.0,32,60.0,0,8.6,10,116,60.0,5.3,4,40.0,76
Benny Cunningham,8283,HB,CHI,9,0,6,,0.0,0,0.0,2,60.0,0,45.5,10,22,60.0,10.0,1,10.0,10
Marcus Murphy,9663,HB,BUF,10,0,4,,0.0,0,0.0,13,59.6,0,16.4,10,61,60.0,3.4,1,10.0,29
Isaiah Crowell,9295,HB,NYJ,13,0,22,60.0,1.5,1,10.0,65,59.3,1,6.5,10,155,60.0,2.4,2,20.0,83
Derrick Willies,48345,WR,CLV,3,0,8,60.0,100.0,1,10.0,1,61.9,0,100.0,10,10,61.2,100.0,6,60.0,6
Kerryon Johnson,34455,HB,DET,10,0,11,,0.0,0,0.0,50,58.8,0,7.5,10,133,57.9,4.2,3,30.0,72
Danny Vitale,10831,FB,GB,5,0,12,60.0,100.0,1,10.0,1,45.8,0,100.0,10,10,47.2,100.0,7,70.0,7
Doug Martin,7035,HB,OAK,15,0,23,60.0,2.0,1,10.0,51,60.1,0,5.3,10,188,60.0,1.6,2,20.0,127
Jeff Wilson Jr.,29413,HB,SF,6,0,28,60.0,5.0,1,10.0,20,60.0,1,13.0,10,77,,0.0,0,0.0,48
Darren Waller,9637,TE,OAK,3,0,23,60.0,100.0,1,10.0,1,52.3,0,90.9,10,11,51.2,100.0,8,80.0,8
Chad Henne,4371,QB,KC,1,0,16,60.0,100.0,2,22.2,2,60.0,0,90.0,9,10,60.0,87.5,7,77.8,8
Harrison Smith,7641,S,MIN,6,0,18,,,0,0.0,0,60.0,1,100.0,9,9,,,0,0.0,0
Keith Ford,23614,HB,BUF,2,0,4,59.8,20.0,2,22.2,10,59.1,0,30.0,9,30,60.0,14.3,2,22.2,14
Josh Adams,45662,HB,PHI,13,0,24,60.0,2.3,1,11.1,43,58.8,0,6.7,9,134,60.0,3.5,3,33.3,85
Leonard Fournette,11759,HB,JAX,8,0,15,,0.0,0,0.0,45,59.3,0,6.1,9,148,60.0,1.1,1,11.1,94
Garrett Gilbert,8848,QB,CAR,1,0,5,60.0,100.0,2,22.2,2,60.0,0,100.0,9,9,60.0,100.0,7,77.8,7
Lance Lenoir Jr.,31892,WR,DAL,5,0,9,60.0,100.0,1,11.1,1,56.0,0,100.0,9,9,60.1,100.0,4,44.4,4
Jacquizz Rodgers,6297,HB,TB,14,0,30,,0.0,0,0.0,9,71.3,0,21.4,9,42,60.0,4.3,1,11.1,23
Brian Hill,11911,HB,ATL,4,0,2,60.0,25.0,2,22.2,8,56.5,1,30.0,9,30,57.6,18.8,3,33.3,16
Brandon Zylstra,66438,WR,MIN,4,0,18,78.6,100.0,4,50.0,4,73.4,0,100.0,8,8,57.7,100.0,4,50.0,4
Sam Hubbard,48457,ED,CIN,7,0,7,54.2,100.0,7,87.5,7,62.2,0,100.0,8,8,60.0,100.0,1,12.5,1
Rod Streater,7416,WR,CLV,2,0,8,60.0,100.0,3,37.5,3,60.4,0,88.9,8,9,60.0,100.0,4,50.0,4
DeAndre Washington,10777,HB,OAK,10,0,23,,0.0,0,0.0,6,60.0,0,21.6,8,37,60.0,4.3,1,12.5,23
Corey Clement,12253,HB,PHI,11,0,24,60.0,3.7,1,12.5,27,59.1,0,10.3,8,78,60.0,2.4,1,12.5,41
Geron Christian,46375,T,WAS,2,0,32,67.2,100.0,3,37.5,3,75.7,0,100.0,8,8,72.0,100.0,4,50.0,4
Wayne Gallman,11895,HB,NYG,14,0,21,,0.0,0,0.0,20,60.0,0,13.1,8,61,,0.0,0,0.0,30
Cole Wick,11139,TE,TEN,3,0,31,60.0,100.0,1,12.5,1,59.6,0,100.0,8,8,59.7,100.0,7,87.5,7
Damien Williams,9205,HB,KC,10,0,16,,0.0,0,0.0,25,89.1,0,8.4,8,95,,0.0,0,0.0,61
Royce Freeman,45747,HB,DEN,14,0,10,60.0,1.7,1,12.5,59,59.0,0,5.6,8,142,59.2,2.7,2,25.0,74
James Ferentz,9258,C,NE,1,0,19,60.5,100.0,4,57.1,4,59.4,0,100.0,7,7,60.0,100.0,1,14.3,1
Brandon Bolden,7469,HB,MIA,6,0,17,60.0,50.0,2,28.6,4,38.3,0,50.0,7,14,59.4,37.5,3,42.9,8
Jacoby Brissett,10725,QB,IND,2,0,14,60.0,100.0,2,28.6,2,60.0,0,50.0,7,14,60.0,100.0,5,71.4,5
De'Anthony Thomas,8759,WR,KC,5,0,16,77.5,100.0,3,42.9,3,83.0,0,87.5,7,8,60.0,100.0,1,14.3,1
Cam Phillips,47593,WR,BUF,2,0,4,60.0,100.0,2,28.6,2,60.4,0,100.0,7,7,60.0,100.0,2,28.6,2
River Cracraft,47417,WR,DEN,6,0,10,85.2,100.0,4,57.1,4,75.9,0,100.0,7,7,55.0,100.0,3,42.9,3
Jaylen Samuels,47297,HB,PIT,9,0,25,,0.0,0,0.0,29,60.0,0,10.9,7,64,,0.0,0,0.0,25
Garrett Dickerson,47268,TE,NYG,2,0,21,60.0,100.0,1,14.3,1,59.8,0,100.0,7,7,59.9,100.0,3,42.9,3
Nate Sudfeld,10821,QB,PHI,1,0,24,,,0,0.0,0,60.0,0,77.8,7,9,60.0,100.0,7,100.0,7
Nick Chubb,45783,HB,CLV,16,0,8,,0.0,0,0.0,87,58.6,0,3.4,7,206,60.0,2.7,3,42.9,110
Kenjon Barner,7963,HB,CAR,5,0,5,,0.0,0,0.0,11,60.0,0,26.9,7,26,,0.0,0,0.0,7
Sam Jones,38935,G,DEN,2,0,10,66.6,100.0,4,57.1,4,65.9,0,100.0,7,7,60.3,100.0,3,42.9,3
John Kelly Jr.,34761,HB,LA,3,0,26,,0.0,0,0.0,12,60.3,0,20.6,7,34,60.0,6.3,1,14.3,16
Stacy Coley,11974,WR,NYG,2,0,21,60.0,100.0,2,28.6,2,54.1,0,100.0,7,7,54.4,100.0,5,71.4,5
Clinton McDonald,5173,DI,OAK,4,0,23,63.3,100.0,7,100.0,7,63.3,0,100.0,7,7,,,0,0.0,0
Rashaad Penny,27414,HB,SEA,13,0,29,65.6,5.7,2,33.3,35,68.2,0,6.3,6,96,60.0,3.5,2,33.3,57
Cyrus Kouandjio,8679,TE,DEN,2,0,10,59.0,100.0,5,83.3,5,59.0,0,100.0,6,6,60.0,100.0,1,16.7,1
Cameron Artis-Payne,9607,HB,CAR,6,0,5,60.0,9.1,1,16.7,11,58.6,0,24.0,6,25,59.5,25.0,3,50.0,12
Kapri Bibbs,8906,HB,GB,10,0,12,,0.0,0,0.0,9,60.0,0,22.2,6,27,,0.0,0,0.0,8
Alfred Morris,7165,HB,SF,12,0,28,,0.0,0,0.0,28,32.6,0,4.9,6,123,60.0,2.2,2,33.3,89
Daurice Fountain,48181,WR,IND,2,0,14,,,0,0.0,0,60.0,0,100.0,6,6,,,0,0.0,0
Hunter Henry,10669,TE,LAC,1,0,27,56.3,100.0,4,66.7,4,57.2,0,100.0,6,6,60.2,100.0,2,33.3,2
Raheem Mostert,9783,HB,SF,6,0,28,,0.0,0,0.0,7,60.0,0,15.0,6,40,60.0,3.7,1,16.7,27
Corey Grant,9827,HB,JAX,5,0,15,,0.0,0,0.0,4,59.2,0,31.6,6,19,58.8,30.0,3,50.0,10
Timon Parris,31698,T,WAS,1,0,32,60.7,100.0,6,100.0,6,60.7,0,100.0,6,6,,,0,0.0,0
Darrel Williams,13014,HB,KC,5,0,16,,0.0,0,0.0,3,60.0,0,27.3,6,22,60.0,7.1,1,16.7,14
Dwayne Washington,10870,HB,NO,4,0,20,,0.0,0,0.0,12,60.0,0,18.2,6,33,60.0,11.8,2,33.3,17
Earl Watford,7898,T,CLV,2,0,8,55.0,100.0,6,100.0,6,55.0,0,100.0,6,6,,,0,0.0,0
Bobby McCain,9578,CB,MIA,3,0,17,,,0,0.0,0,60.0,0,100.0,6,6,,,0,0.0,0
Jordan Franks,47206,TE,CIN,2,0,7,60.0,100.0,1,16.7,1,60.4,0,100.0,6,6,60.7,100.0,5,83.3,5
Donnie Ernsberger,47243,TE,TB,2,0,30,59.1,100.0,2,33.3,2,57.1,0,100.0,6,6,58.2,100.0,3,50.0,3
Chance Warmack,7791,G,PHI,2,0,24,60.0,100.0,1,16.7,1,57.9,0,100.0,6,6,57.8,100.0,3,50.0,3
Cooper Rush,12324,QB,DAL,1,0,9,60.0,100.0,1,16.7,1,60.0,0,100.0,6,6,60.0,100.0,5,83.3,5
Isaiah Ford,11991,WR,MIA,1,0,17,57.7,100.0,4,80.0,4,57.9,0,100.0,5,5,60.0,100.0,1,20.0,1
Chad Beebe,21528,WR,MIN,3,0,18,,,0,0.0,0,58.3,0,100.0,5,5,58.3,100.0,5,100.0,5
Bilal Powell,6278,HB,NYJ,7,0,22,60.0,3.0,1,20.0,33,60.0,0,5.7,5,87,60.0,2.0,1,20.0,50
Alex Ellis,11326,TE,KC,2,0,16,,,0,0.0,0,59.1,0,100.0,5,5,58.8,100.0,4,80.0,4
Kalen Ballage,45741,HB,MIA,9,0,17,60.0,11.1,2,40.0,18,60.0,0,11.6,5,43,60.0,9.1,2,40.0,22
Marshawn Lynch,3628,HB,OAK,6,0,23,,0.0,0,0.0,24,60.0,0,5.2,5,97,,0.0,0,0.0,64
Riley McCarron,48033,WR,NE,1,0,19,59.7,100.0,2,40.0,2,59.3,0,100.0,5,5,59.9,100.0,3,60.0,3
Stevan Ridley,6225,HB,PIT,9,0,25,,0.0,0,0.0,17,60.0,0,11.8,4,34,,0.0,0,0.0,13
Michael Liedtke,9818,T,TB,3,0,30,60.0,100.0,3,75.0,3,59.7,0,100.0,4,4,,,0,0.0,0
Mike Glennon,7854,QB,ARZ,2,0,1,60.0,100.0,4,100.0,4,60.0,0,100.0,4,4,,,0,0.0,0
Brian Schwenke,7889,C,NE,1,0,19,60.0,100.0,1,25.0,1,60.0,0,100.0,4,4,,,0,0.0,0
Rob Kelley,11090,HB,WAS,2,0,32,60.0,50.0,1,25.0,2,58.4,0,50.0,4,8,60.0,33.3,1,25.0,3
Tra Carson,11104,FB,GB,2,0,12,60.0,100.0,1,25.0,1,54.5,0,100.0,4,4,55.2,100.0,3,75.0,3
Jehu Chesson,11894,WR,WAS,2,0,32,60.0,100.0,3,75.0,3,60.0,0,80.0,4,5,60.0,100.0,1,25.0,1
Darvin Kidsy,23254,WR,WAS,2,0,32,60.0,100.0,1,25.0,1,59.7,0,100.0,4,4,60.0,100.0,3,75.0,3
Alex Light,31454,G,GB,2,0,12,,,0,0.0,0,58.3,0,100.0,4,4,58.9,100.0,2,50.0,2
Detrez Newsome,45695,HB,LAC,4,0,27,,0.0,0,0.0,5,60.0,0,26.7,4,15,,0.0,0,0.0,4
Mark Walton,45996,HB,CIN,9,0,7,,0.0,0,0.0,4,60.0,0,20.0,4,20,60.0,15.4,2,50.0,13
Cole Croston,46317,T,NE,2,0,19,60.0,100.0,1,25.0,1,60.0,0,100.0,4,4,60.0,100.0,1,25.0,1
Seantrel Henderson,8871,T,HST,1,0,13,60.0,100.0,1,25.0,1,56.0,0,100.0,4,4,55.9,100.0,3,75.0,3
Matt Schaub,1811,QB,ATL,3,0,2,,,0,0.0,0,60.0,0,80.0,4,5,60.0,75.0,3,75.0,4
A.J. McCarron,8799,QB,OAK,2,0,23,,,0,0.0,0,60.0,0,50.0,4,8,60.0,80.0,4,100.0,5
Gino Gradkowski,7098,C,DEN,1,0,10,,,0,0.0,0,58.5,0,100.0,3,3,58.5,100.0,3,100.0,3
Jaydon Mickens,11371,WR,JAX,1,0,15,,,0,0.0,0,60.0,0,100.0,3,3,60.0,100.0,1,33.3,1
Devontae Booker,10770,HB,DEN,11,0,10,,0.0,0,0.0,14,60.0,0,7.7,3,39,,0.0,0,0.0,18
Pharoh Cooper,10751,WR,ARZ,1,0,1,,,0,0.0,0,60.0,0,100.0,3,3,60.0,100.0,1,33.3,1
Buddy Howell,12888,FB,HST,3,0,13,,,0,0.0,0,60.0,0,100.0,3,3,,,0,0.0,0
Austin Pasztor,7689,T,TEN,1,0,31,,,0,0.0,0,58.4,0,100.0,3,3,58.4,100.0,3,100.0,3
Byron Marshall,11076,HB,WAS,4,0,32,,0.0,0,0.0,2,74.0,0,42.9,3,7,58.3,60.0,3,100.0,5
Shane Smith,12238,FB,NYG,2,0,21,60.0,100.0,1,33.3,1,58.3,0,100.0,3,3,59.1,100.0,2,66.7,2
Ronald Jones,34001,HB,TB,5,0,30,,0.0,0,0.0,8,60.0,0,11.5,3,26,,0.0,0,0.0,14
Malachi Dupre,12002,WR,ARZ,1,0,1,60.0,100.0,1,33.3,1,55.6,0,100.0,3,3,56.6,100.0,2,66.7,2
Jay Ajayi,9582,HB,PHI,4,0,24,,0.0,0,0.0,18,60.0,0,5.9,3,51,60.0,3.2,1,33.3,31
Hakeem Valles,10960,TE,DET,2,0,11,59.5,100.0,2,66.7,2,59.7,0,100.0,3,3,60.0,100.0,1,33.3,1
Roc Thomas,27875,HB,MIN,5,0,18,59.4,28.6,2,66.7,7,58.5,0,27.3,3,11,60.0,33.3,1,33.3,3
Earl Mitchell,5605,DI,SF,3,0,28,54.7,100.0,3,100.0,3,54.7,0,100.0,3,3,,,0,0.0,0
Clark Harris,3859,LS,CIN,2,0,7,,,0,0.0,0,60.0,0,100.0,2,2,,,0,0.0,0
Hardy Nickerson,50712,LB,CIN,2,0,7,,,0,0.0,0,60.3,0,100.0,2,2,,,0,0.0,0
Charcandrick West,9047,HB,KC,2,0,16,,,0,0.0,0,60.0,0,50.0,2,4,,0.0,0,0.0,2
J.J. Jones,66921,WR,NYJ,2,0,22,60.0,100.0,1,50.0,1,60.0,0,66.7,2,3,,,0,0.0,0
Vince Biegel,11863,ED,NO,2,0,20,,,0,0.0,0,60.0,0,100.0,2,2,,,0,0.0,0
Zach Wood,11414,LS,NO,2,0,20,,,0,0.0,0,60.0,0,100.0,2,2,,,0,0.0,0
Dare Ogunbowale,12329,FB,TB,1,0,30,,,0,0.0,0,60.0,0,100.0,2,2,,,0,0.0,0
Jeremy Hill,8690,HB,NE,1,0,19,,0.0,0,0.0,4,60.0,0,33.3,2,6,,,0,0.0,0
Thomas Morstead,5088,P,NO,2,0,20,,,0,0.0,0,60.0,0,100.0,2,2,,,0,0.0,0
Kevin Huber,5066,P,CIN,2,0,7,,,0,0.0,0,60.3,0,100.0,2,2,,,0,0.0,0
Vincent Rey,5811,LB,CIN,2,0,7,,,0,0.0,0,60.0,0,100.0,2,2,,,0,0.0,0
Aaron Jones,11937,HB,GB,12,0,12,,0.0,0,0.0,45,60.0,0,1.5,2,137,,0.0,0,0.0,83
David Williams,45732,HB,JAX,4,0,15,,0.0,0,0.0,2,60.0,0,18.2,2,11,,0.0,0,0.0,6
Brandon Wilson,11962,S,CIN,2,0,7,,,0,0.0,0,60.3,0,100.0,2,2,,,0,0.0,0
Jourdan Lewis,11846,CB,DAL,4,0,9,60.0,100.0,1,50.0,1,60.0,0,50.0,2,4,60.0,100.0,1,50.0,1
Darren Sproles,2347,HB,PHI,8,0,24,,0.0,0,0.0,20,60.0,0,3.9,2,51,,0.0,0,0.0,22
Chris Banjo,8419,S,NO,2,0,20,,,0,0.0,0,60.0,0,100.0,2,2,,,0,0.0,0
A.J. Klein,7930,LB,NO,2,0,20,,,0,0.0,0,60.0,0,100.0,2,2,,,0,0.0,0
Alex Anzalone,11831,LB,NO,2,0,20,,,0,0.0,0,60.0,0,100.0,2,2,,,0,0.0,0
Alonzo Russell,11114,WR,NYG,1,0,21,60.0,100.0,1,50.0,1,60.0,0,100.0,2,2,60.0,100.0,1,50.0,1
Blaine Clausell,9860,TE,ARZ,1,0,1,59.9,100.0,2,100.0,2,59.9,0,100.0,2,2,,,0,0.0,0
Devonta Freeman,8738,HB,ATL,2,0,2,,0.0,0,0.0,3,60.0,0,11.8,2,17,60.0,7.7,1,50.0,13
Bradley Marquez,9914,WR,DET,1,0,11,,,0,0.0,0,60.0,0,100.0,2,2,60.0,100.0,1,50.0,1
Craig Robertson,7003,LB,NO,2,0,20,,,0,0.0,0,60.0,0,100.0,2,2,,,0,0.0,0
Justin Hardee,18348,CB,NO,2,0,20,,,0,0.0,0,60.0,0,100.0,2,2,,,0,0.0,0
Samaje Perine,11869,HB,WAS,4,0,32,60.0,50.0,1,50.0,2,60.0,0,20.0,2,10,,0.0,0,0.0,6
Josh Robinson,7068,CB,NO,2,0,20,,,0,0.0,0,60.0,0,100.0,2,2,,,0,0.0,0
Jamaal Charles,4387,HB,JAX,2,0,15,,0.0,0,0.0,1,60.0,0,25.0,2,8,60.0,16.7,1,50.0,6
Ameer Abdullah,9487,HB,MIN,2,0,18,59.2,100.0,2,100.0,2,59.2,0,66.7,2,3,,0.0,0,0.0,1
JJ Jansen,4712,LS,CAR,1,0,5,,,0,0.0,0,60.0,0,100.0,1,1,,,0,0.0,0
Eli Harold,9512,ED,DET,1,0,11,,,0,0.0,0,60.0,0,100.0,1,1,,,0,0.0,0
Johnny Holton,11354,WR,OAK,1,0,23,,,0,0.0,0,60.0,0,100.0,1,1,60.0,100.0,1,100.0,1
Antonio Hamilton Sr.,11353,CB,NYG,1,0,21,,,0,0.0,0,60.0,0,100.0,1,1,,,0,0.0,0
Roy Robertson-Harris,11341,DI,CHI,1,0,6,,,0,0.0,0,60.0,0,100.0,1,1,,,0,0.0,0
Neville Hewitt,9836,LB,NYJ,1,0,22,,,0,0.0,0,60.0,0,100.0,1,1,,,0,0.0,0
Lafayette Pitts,11210,CB,BUF,1,0,4,,,0,0.0,0,60.0,0,100.0,1,1,,,0,0.0,0
Reggie Gilbert,11147,ED,GB,1,0,12,,,0,0.0,0,60.0,0,100.0,1,1,,,0,0.0,0
Charles Washington,11137,S,DET,1,0,11,,,0,0.0,0,60.0,0,100.0,1,1,,,0,0.0,0
Chase Edmonds,45851,HB,ARZ,16,0,1,,0.0,0,0.0,19,60.0,0,1.6,1,64,,0.0,0,0.0,38
Patrick Onwuasor,11100,LB,BLT,1,0,3,60.0,100.0,1,100.0,1,60.0,1,100.0,1,1,,,0,0.0,0
J.D. McKissic,11047,HB,SEA,3,0,29,60.0,50.0,1,100.0,2,60.0,0,25.0,1,4,,0.0,0,0.0,1
Kyle Nelson,6428,LS,SF,1,0,28,,,0,0.0,0,60.0,0,100.0,1,1,,,0,0.0,0
Reid Ferguson,10965,LS,BUF,1,0,4,,,0,0.0,0,60.0,0,100.0,1,1,,,0,0.0,0
Kameron Canaday,10949,LS,PIT,1,0,25,,,0,0.0,0,60.0,0,100.0,1,1,,,0,0.0,0
Patrick Scales,6508,TE,CHI,1,0,6,,,0,0.0,0,60.0,0,100.0,1,1,,,0,0.0,0
Zak DeOssie,3732,LS,NYG,1,0,21,,,0,0.0,0,60.0,0,100.0,1,1,,,0,0.0,0
Jarrod Wilson,10902,S,JAX,1,0,15,,,0,0.0,0,60.0,0,100.0,1,1,,,0,0.0,0
Joe Walker,10885,LB,ARZ,1,0,1,,,0,0.0,0,60.0,0,100.0,1,1,,,0,0.0,0
Damien Wilson,9560,LB,DAL,1,0,9,,,0,0.0,0,60.0,0,100.0,1,1,,,0,0.0,0
Tyler Matakevich,10880,LB,PIT,1,0,25,,,0,0.0,0,60.0,0,100.0,1,1,,,0,0.0,0
Trevor Bates,10873,LB,DET,1,0,11,,,0,0.0,0,60.0,0,100.0,1,1,,,0,0.0,0
Senorise Perry,9035,HB,MIA,1,0,17,,,0,0.0,0,60.0,0,100.0,1,1,,,0,0.0,0
Lachlan Edwards,10869,P,NYJ,1,0,22,,,0,0.0,0,60.0,0,100.0,1,1,,,0,0.0,0
Gerald Hodges,7902,LB,ARZ,1,0,1,,,0,0.0,0,60.0,1,100.0,1,1,,,0,0.0,0
Sam Koch,3148,P,BLT,1,0,3,60.0,100.0,1,100.0,1,60.0,0,100.0,1,1,,,0,0.0,0
Kavon Frazier,10846,S,DAL,1,0,9,,,0,0.0,0,60.0,0,100.0,1,1,,,0,0.0,0
Zack Golditch,46885,T,ARZ,1,0,1,,,0,0.0,0,60.0,0,100.0,1,1,,,0,0.0,0
Elijah Nkansah,46887,T,SEA,1,0,29,,,0,0.0,0,60.0,0,100.0,1,1,60.0,100.0,1,100.0,1
Chris Jones,6798,P,DAL,1,0,9,,,0,0.0,0,60.0,0,100.0,1,1,,,0,0.0,0
Kyle Williams,3079,DI,BUF,1,0,4,,,0,0.0,0,60.0,0,100.0,1,1,,,0,0.0,0
Christian Jones,9020,LB,DET,1,0,11,,,0,0.0,0,60.0,0,100.0,1,1,,,0,0.0,0
Preston Brown,8708,LB,CIN,1,0,7,,,0,0.0,0,60.0,0,100.0,1,1,,,0,0.0,0
Terrence Brooks,8714,S,NYJ,1,0,22,,,0,0.0,0,60.0,1,100.0,1,1,,,0,0.0,0
DeAndre Houston-Carson,10819,S,CHI,1,0,6,,,0,0.0,0,60.0,0,100.0,1,1,,,0,0.0,0
Temarrick Hemingway,10811,TE,DEN,1,0,10,,,0,0.0,0,60.0,0,100.0,1,1,60.0,100.0,1,100.0,1
Jonathan Williams,10790,HB,IND,3,0,14,,0.0,0,0.0,2,72.5,0,25.0,1,4,,0.0,0,0.0,1
L.P. Ladouceur,2687,LS,DAL,1,0,9,,,0,0.0,0,60.0,0,100.0,1,1,,,0,0.0,0
Robbie Gould,2607,K,SF,1,0,28,,,0,0.0,0,60.0,0,100.0,1,1,,,0,0.0,0
John Denney,2561,LS,MIA,1,0,17,,,0,0.0,0,60.0,0,100.0,1,1,,,0,0.0,0
Antonio Morrison,10759,LB,GB,1,0,12,,,0,0.0,0,60.0,0,100.0,1,1,,,0,0.0,0
Cairo Santos,8932,K,TB,1,0,30,,,0,0.0,0,60.0,0,100.0,1,1,,,0,0.0,0
Deon Bush,10758,S,CHI,1,0,6,,,0,0.0,0,60.0,0,100.0,1,1,,,0,0.0,0
Lorenzo Alexander,2476,LB,BUF,1,0,4,,,0,0.0,0,60.0,0,100.0,1,1,,,0,0.0,0
Nick Kwiatkoski,10747,LB,CHI,1,0,6,,,0,0.0,0,60.0,0,100.0,1,1,,,0,0.0,0
Miles Killebrew,10745,S,DET,1,0,11,,,0,0.0,0,60.0,0,100.0,1,1,,,0,0.0,0
Dennis Gardeck,66928,LB,ARZ,1,0,1,,,0,0.0,0,60.0,0,100.0,1,1,,,0,0.0,0
B.J. Goodson,10743,LB,NYG,1,0,21,,,0,0.0,0,60.0,0,100.0,1,1,,,0,0.0,0
Sheldon Day,10737,DI,SF,1,0,28,,,0,0.0,0,60.0,0,100.0,1,1,,,0,0.0,0
Walt Aikens,8760,S,MIA,1,0,17,,,0,0.0,0,60.0,0,100.0,1,1,,,0,0.0,0
C.J. Prosise,10724,HB,SEA,2,0,29,,,0,0.0,0,60.0,0,50.0,1,2,,0.0,0,0.0,1
Pat O'Donnell,8826,P,CHI,1,0,6,,,0,0.0,0,60.0,0,100.0,1,1,,,0,0.0,0
Kyler Fackrell,10722,ED,GB,1,0,12,,,0,0.0,0,60.0,0,100.0,1,1,,,0,0.0,0
Jordan Jenkins,10717,ED,NYJ,1,0,22,,,0,0.0,0,60.0,2,100.0,1,1,,,0,0.0,0
Anthony Chickillo,9645,ED,PIT,1,0,25,,,0,0.0,0,60.0,0,100.0,1,1,,,0,0.0,0
Robert Turbin,7106,HB,IND,1,0,14,,0.0,0,0.0,3,60.0,0,20.0,1,5,,0.0,0,0.0,1
Saeed Blacknall,48088,WR,OAK,1,0,23,,,0,0.0,0,60.0,0,100.0,1,1,60.0,100.0,1,100.0,1
Matt Cassel,2447,QB,DET,1,0,11,,,0,0.0,0,60.0,0,50.0,1,2,60.0,100.0,1,100.0,1
Kyle Wilber,7113,LB,OAK,1,0,23,,,0,0.0,0,60.0,1,100.0,1,1,,,0,0.0,0
Cyrus Jones,10694,S,BLT,1,0,3,60.0,100.0,1,100.0,1,60.0,0,100.0,1,1,,,0,0.0,0
Sean Davis,10692,S,PIT,1,0,25,,,0,0.0,0,60.0,0,100.0,1,1,,,0,0.0,0
Nate Stupar,7214,LB,NYG,1,0,21,,,0,0.0,0,60.0,1,100.0,1,1,,,0,0.0,0
Michael Thomas,7279,S,NYG,1,0,21,,,0,0.0,0,60.0,0,100.0,1,1,,,0,0.0,0
L.J. Fort,7292,LB,PIT,1,0,25,,,0,0.0,0,60.0,0,100.0,1,1,,,0,0.0,0
Don Muhlbach,2130,LS,DET,1,0,11,,,0,0.0,0,60.0,0,100.0,1,1,,,0,0.0,0
Andy Lee,1906,P,ARZ,1,0,1,,,0,0.0,0,60.0,0,100.0,1,1,,,0,0.0,0
Aaron Brewer,7301,LS,ARZ,1,0,1,,,0,0.0,0,60.0,0,100.0,1,1,,,0,0.0,0
Steven Dunbar Jr.,48275,WR,SF,1,0,28,,,0,0.0,0,60.0,0,100.0,1,1,,,0,0.0,0
DeForest Buckner,10641,DI,SF,1,0,28,,,0,0.0,0,60.0,2,100.0,1,1,,,0,0.0,0
Akeem King,9682,CB,SEA,1,0,29,,,0,0.0,0,60.0,0,100.0,1,1,,,0,0.0,0
Erik Harris,10346,S,OAK,1,0,23,,,0,0.0,0,60.0,0,100.0,1,1,,,0,0.0,0
Jordan Berry,10236,P,PIT,1,0,25,,,0,0.0,0,60.0,0,100.0,1,1,,,0,0.0,0
Ezekiel Turner,49167,LB,ARZ,1,0,1,,,0,0.0,0,60.0,0,100.0,1,1,,,0,0.0,0
Tony Brown,49255,CB,GB,1,0,12,,,0,0.0,0,60.0,0,100.0,1,1,,,0,0.0,0
Darius Phillips,49507,CB,CIN,1,0,7,,,0,0.0,0,60.0,0,100.0,1,1,,,0,0.0,0
James Crawford,49836,LB,GB,1,0,12,,,0,0.0,0,60.0,0,100.0,1,1,,,0,0.0,0
Brandon Bell,50096,LB,CIN,1,0,7,,,0,0.0,0,60.0,0,100.0,1,1,,,0,0.0,0
Lorenzo Carter,50126,ED,NYG,1,0,21,,,0,0.0,0,60.0,0,100.0,1,1,,,0,0.0,0
Jacob Martin,50152,ED,SEA,1,0,29,,,0,0.0,0,60.0,0,100.0,1,1,,,0,0.0,0
Oren Burks,50203,LB,GB,1,0,12,,,0,0.0,0,60.0,0,100.0,1,1,,,0,0.0,0
Austin Calitro,50640,LB,SEA,1,0,29,,,0,0.0,0,60.0,1,100.0,1,1,,,0,0.0,0
Shaquem Griffin,50657,LB,SEA,1,0,29,,,0,0.0,0,60.0,0,100.0,1,1,,,0,0.0,0
Malik Jefferson,50884,LB,CIN,1,0,7,,,0,0.0,0,60.0,0,100.0,1,1,,,0,0.0,0
Frankie Luvu,51028,ED,NYJ,1,0,22,,,0,0.0,0,60.0,0,100.0,1,1,,,0,0.0,0
Chris Worley,51161,LB,CIN,1,0,7,,,0,0.0,0,60.0,0,100.0,1,1,,,0,0.0,0
Joel Iyiegbuniwe,51221,LB,CHI,1,0,6,,,0,0.0,0,60.0,0,100.0,1,1,,,0,0.0,0
Tracy Walker III,51266,S,DET,1,0,11,,,0,0.0,0,60.0,0,100.0,1,1,,,0,0.0,0
Terrell Edmunds,51334,S,PIT,1,0,25,,,0,0.0,0,60.0,0,100.0,1,1,,,0,0.0,0
Donald Payne,51589,LB,JAX,1,0,15,,,0,0.0,0,60.0,0,100.0,1,1,,,0,0.0,0
Justin Coleman,9892,CB,SEA,1,0,29,,,0,0.0,0,60.0,0,100.0,1,1,,,0,0.0,0
Nicholas Morrow,51674,LB,OAK,1,0,23,,,0,0.0,0,60.0,0,100.0,1,1,,,0,0.0,0
Mike Hull,9815,LB,MIA,1,0,17,,,0,0.0,0,60.0,0,100.0,1,1,,,0,0.0,0
Garrison Sanborn,5430,LS,TB,1,0,30,,,0,0.0,0,60.0,0,100.0,1,1,,,0,0.0,0
Matt Haack,12212,P,MIA,1,0,17,,,0,0.0,0,60.0,0,100.0,1,1,,,0,0.0,0
Isaiah Irving,12171,ED,CHI,1,0,6,,,0,0.0,0,60.0,0,100.0,1,1,,,0,0.0,0
Graham Gano,5443,K,CAR,1,0,5,,,0,0.0,0,60.0,0,100.0,1,1,,,0,0.0,0
Tim White,12144,WR,BLT,1,0,3,60.0,100.0,1,100.0,1,60.0,0,100.0,1,1,,,0,0.0,0
Ramon Humber,5310,LB,NE,1,0,19,,,0,0.0,0,60.0,0,100.0,1,1,,,0,0.0,0
Thomas Hennessy,12124,LS,NYJ,1,0,22,,,0,0.0,0,60.0,0,100.0,1,1,,,0,0.0,0
Kyle Kalis,12302,T,CLV,1,0,8,60.0,100.0,1,100.0,1,60.0,0,100.0,1,1,,,0,0.0,0
Adam Pankey,12114,G,GB,1,0,12,,,0,0.0,0,60.0,0,100.0,1,1,,,0,0.0,0
Deon Lacey,8512,LB,BUF,1,0,4,,,0,0.0,0,60.0,0,100.0,1,1,,,0,0.0,0
Bryan Cox Jr.,12092,ED,CAR,1,0,5,,,0,0.0,0,60.0,0,100.0,1,1,,,0,0.0,0
Jordan Dangerfield,8468,S,PIT,1,0,25,,,0,0.0,0,60.0,0,100.0,1,1,,,0,0.0,0
Cody Davis,8458,S,JAX,1,0,15,,,0,0.0,0,60.0,0,100.0,1,1,,,0,0.0,0
Brandon Copeland,8378,ED,NYJ,1,0,22,,,0,0.0,0,60.0,0,100.0,1,1,,,0,0.0,0
Rudy Ford,11963,S,ARZ,1,0,1,,,0,0.0,0,60.0,0,100.0,1,1,,,0,0.0,0
Hunter Bradley,23250,LS,GB,1,0,12,,,0,0.0,0,60.0,0,100.0,1,1,,,0,0.0,0
Barkevious Mingo,7787,ED,SEA,1,0,29,,,0,0.0,0,60.0,0,100.0,1,1,,,0,0.0,0
Jordan Evans,11947,LB,CIN,1,0,7,,,0,0.0,0,60.0,0,100.0,1,1,,,0,0.0,0
Chuck Clark,11941,S,BLT,1,0,3,60.0,100.0,1,100.0,1,60.0,0,100.0,1,1,,,0,0.0,0
Ukeme Eligwe,11938,LB,NYG,1,0,21,,,0,0.0,0,60.0,0,100.0,1,1,,,0,0.0,0
T.J. Logan,11935,HB,ARZ,3,0,1,60.0,50.0,1,100.0,2,60.0,0,33.3,1,3,,,0,0.0,0
Tae Davis,26296,LB,NYG,1,0,21,,,0,0.0,0,60.0,0,100.0,1,1,,,0,0.0,0
Arik Armstead,9450,ED,SF,1,0,28,,,0,0.0,0,60.0,2,100.0,1,1,,,0,0.0,0
Trent Sieg,27036,LS,OAK,1,0,23,,,0,0.0,0,60.0,0,100.0,1,1,,,0,0.0,0
Marquel Lee,11923,LB,OAK,1,0,23,,,0,0.0,0,60.0,1,100.0,1,1,,,0,0.0,0
Jamal Agnew,11920,CB,DET,1,0,11,,,0,0.0,0,59.8,0,50.0,1,2,59.8,100.0,1,100.0,1
Matt Milano,11918,LB,BUF,1,0,4,,,0,0.0,0,60.0,0,100.0,1,1,,,0,0.0,0
Jerome Baker,28091,LB,MIA,1,0,17,,,0,0.0,0,60.0,0,100.0,1,1,,,0,0.0,0
Nick Nelson,28495,CB,OAK,1,0,23,,,0,0.0,0,60.0,0,100.0,1,1,,,0,0.0,0
Blair Brown,11903,LB,JAX,1,0,15,,,0,0.0,0,60.0,0,100.0,1,1,,,0,0.0,0
Tyler Ott,9174,LS,SEA,1,0,29,,,0,0.0,0,60.0,0,100.0,1,1,,,0,0.0,0
Logan Cooke,29214,P,JAX,1,0,15,,,0,0.0,0,60.0,0,100.0,1,1,,,0,0.0,0
Lerentee McCray,8159,ED,JAX,1,0,15,,,0,0.0,0,60.0,0,100.0,1,1,,,0,0.0,0
Chris Board,29456,LB,BLT,1,0,3,60.0,100.0,1,100.0,1,60.0,0,100.0,1,1,,,0,0.0,0
Deon Yelder,29556,TE,KC,1,0,16,,,0,0.0,0,60.0,0,100.0,1,1,,,0,0.0,0
Eddie Jackson,11867,S,CHI,1,0,6,,,0,0.0,0,60.0,0,100.0,1,1,,,0,0.0,0
Justin March-Lillard,10065,LB,DAL,1,0,9,,,0,0.0,0,60.0,0,100.0,1,1,,,0,0.0,0
Mike Boone,31615,HB,MIN,5,0,18,,0.0,0,0.0,6,60.0,0,7.7,1,13,60.0,14.3,1,100.0,7
Carson Tinker,8043,LS,JAX,1,0,15,,,0,0.0,0,60.0,0,100.0,1,1,,,0,0.0,0
Stephone Anthony,9464,LB,MIA,1,0,17,,,0,0.0,0,60.0,0,100.0,1,1,,,0,0.0,0
Cameron Sutton,11850,CB,PIT,1,0,25,,,0,0.0,0,60.0,0,100.0,1,1,,,0,0.0,0
Delano Hill,11849,S,SEA,1,0,29,,,0,0.0,0,60.0,0,100.0,1,1,,,0,0.0,0
D'Onta Foreman,11844,HB,HST,2,0,13,,0.0,0,0.0,5,60.0,0,11.1,1,9,60.0,33.3,1,100.0,3
JK Scott,38809,P,GB,1,0,12,,,0,0.0,0,60.0,0,100.0,1,1,,,0,0.0,0
Morgan Cox,6020,LS,BLT,1,0,3,60.0,100.0,1,100.0,1,60.0,0,100.0,1,1,,,0,0.0,0
Albert McClellan,6022,LB,NE,1,0,19,60.0,100.0,1,100.0,1,60.0,0,100.0,1,1,,,0,0.0,0
Taiwan Jones,6277,HB,BUF,1,0,4,,,0,0.0,0,60.0,0,100.0,1,1,,,0,0.0,0
Da'Mari Scott,39588,WR,BUF,1,0,4,60.0,100.0,1,100.0,1,60.0,0,100.0,1,1,,,0,0.0,0
Haason Reddick,11768,LB,ARZ,1,0,1,,,0,0.0,0,60.0,2,100.0,1,1,,,0,0.0,0
Sam Martin,7947,P,DET,1,0,11,,,0,0.0,0,60.0,0,100.0,1,1,,,0,0.0,0
